Date,Open,High,Low,Close,Adjusted_close,Volume
2014-02-03,25.96,25.96,25.24,25.25,25.1809,1113371
2014-02-04,25.2,25.46,24.76,25.18,25.1111,961453
2014-02-05,25.1,25.5,24.97,25.28,25.2107,775497
2014-02-06,25.4,25.4,24.62,24.72,24.6524,1151142
2014-02-07,24.55,25.09,24.3,25.08,25.0115,838084
2014-02-10,25.1,25.22,24.76,25.22,25.1512,660686
2014-02-11,25.04,25.44,24.95,25.38,25.3104,344064
2014-02-12,25.31,25.42,25.05,25.26,25.1909,313103
2014-02-13,25.0,25.51,24.83,25.49,25.4204,704841
2014-02-14,25.47,25.59,25.2315,25.41,25.3404,546075
2014-02-18,25.42,25.69,25.27,25.5,25.4303,477201
2014-02-19,25.74,25.743000000000002,25.18,25.36,25.2906,306712
2014-02-20,25.27,25.54,25.16,25.43,25.3604,587026
2014-02-21,25.8,25.8,25.27,25.35,25.2805,472661
2014-02-24,25.32,25.53,25.09,25.28,25.2107,546803
2014-02-25,25.25,25.48,24.95,25.06,24.9915,1876231
2014-02-26,25.08,25.17,24.75,24.86,24.791999999999998,488844
2014-02-27,24.84,25.13,24.42,24.88,24.8121,763777
2014-02-28,24.93,25.64,24.93,25.33,25.2607,754785
2014-03-03,25.26,25.96,24.92,25.9,25.8292,925206
2014-03-04,26.23,26.37,25.46,25.51,25.4403,1286821
2014-03-05,25.46,25.84,24.65,25.0,24.9316,1369856
2014-03-06,24.95,25.11,24.38,24.73,24.6624,2145560
2014-03-07,24.9,24.96,24.44,24.44,24.3731,1771918
2014-03-10,24.51,24.7,24.27,24.38,24.3134,1066058
2014-03-11,24.5,24.525,23.42,23.94,23.8744,2241962
2014-03-12,23.79,24.1,23.55,23.86,23.7947,1650147
2014-03-13,23.78,23.95,22.65,22.86,22.7975,3236213
2014-03-14,22.87,23.33,22.14,23.18,23.1164,2641709
2014-03-17,24.6,24.69,23.34,24.06,23.9942,2884369
2014-03-18,24.17,25.095,23.81,24.76,24.6923,1276914
2014-03-19,25.1,25.2,24.51,24.71,24.6423,1346345
2014-03-20,24.67,24.895,24.25,24.37,24.3032,1482556
2014-03-21,24.51,24.615,23.87,24.03,23.9644,4619547
2014-03-24,24.05,24.38,23.1,23.24,23.1766,2139750
2014-03-25,23.33,23.7,22.45,23.16,23.0968,3861605
2014-03-26,23.2,23.96,22.96,23.14,23.0767,992462
2014-03-27,22.91,23.41,22.8042,23.11,23.0468,1020636
2014-03-28,23.16,23.76,23.16,23.5,23.4358,1271610
2014-03-31,23.65,24.08,23.63,24.08,24.014,6324635
2014-04-01,24.19,24.25,23.89,24.0,23.9343,1228524
2014-04-02,24.0,24.22,23.97,24.11,24.0441,1048706
2014-04-03,24.02,24.19,23.42,23.78,23.715,2281118
2014-04-04,23.84,23.84,22.935,22.99,22.9272,1116780
2014-04-07,22.89,23.1,22.33,22.48,22.4185,1362550
2014-04-08,22.43,22.8,22.31,22.59,22.5282,1965185
2014-04-09,22.49,23.01,22.475,22.8,22.7377,1314499
2014-04-10,22.74,23.19,22.61,22.71,22.6479,1073149
2014-04-11,22.62,22.69,21.95,22.29,22.2291,1418120
2014-04-14,22.5,22.56,21.99,22.23,22.1691,1269673
2014-04-15,22.45,22.78,22.25,22.7,22.638,2575161
2014-04-16,23.5,23.65,22.88,23.02,22.9568,1419899
2014-04-17,22.96,23.055,22.73,22.93,22.8672,897710
2014-04-21,23.06,23.12,22.57,22.87,22.8075,367359
2014-04-22,22.85,23.16,22.72,23.06,22.9972,862185
2014-04-23,23.0,23.13,22.86,22.92,22.8572,1312148
2014-04-24,23.03,23.19,22.79,22.87,22.8075,472630
2014-04-25,22.72,23.14,22.55,22.77,22.7077,536574
2014-04-28,22.79,23.01,22.22,22.44,22.3785,756867
2014-04-29,22.52,23.17,22.38,22.84,22.7775,472002
2014-04-30,22.84,22.85,22.31,22.74,22.6776,1227100
2014-05-01,22.61,23.2,22.0,22.54,22.4785,2577039
2014-05-02,22.49,22.62,22.04,22.5,22.4384,802599
2014-05-05,23.06,23.06,22.51,22.73,22.6678,1050164
2014-05-06,22.68,22.84,22.44,22.53,22.4684,502924
2014-05-07,22.64,22.66,21.97,22.04,21.9797,622224
2014-05-08,21.83,22.25,21.83,22.11,22.1839,759581
2014-05-09,22.1,22.11,21.5,21.83,21.9029,1435526
2014-05-12,21.93,22.21,21.46,21.82,21.8927,1128016
2014-05-13,21.8,21.98,21.59,21.67,21.7423,623450
2014-05-14,21.69,21.75,21.54,21.55,21.6221,223901
2014-05-15,21.49,21.6499,20.76,21.23,21.3009,950635
2014-05-16,21.24,21.35,20.82,21.08,21.1503,538921
2014-05-19,21.08,21.36,20.99,21.21,21.2808,270190
2014-05-20,21.12,21.33,20.95,21.25,21.3211,454559
2014-05-21,21.24,21.75,21.2,21.62,21.6922,521736
2014-05-22,21.67,21.73,21.13,21.5,21.5716,820713
2014-05-23,21.5,21.63,21.18,21.22,21.2907,748443
2014-05-27,21.24,21.57,21.19,21.21,21.2808,458127
2014-05-28,21.19,21.2,20.69,20.72,20.7891,1366241
2014-05-29,20.6,20.79,19.51,19.76,19.8259,10241049
2014-05-30,19.88,19.97,19.58,19.65,19.7157,3395503
2014-06-02,19.65,19.76,19.39,19.66,19.7255,1994615
2014-06-03,19.58,20.165,19.5,20.1,20.1669,1422627
2014-06-04,20.18,20.57,20.09,20.27,20.3376,1444457
2014-06-05,20.33,20.89,20.18,20.31,20.378,2810229
2014-06-06,20.5,20.71,20.4101,20.52,20.5884,1714600
2014-06-09,20.55,20.82,20.49,20.62,20.6886,2029120
2014-06-10,20.7,21.08,20.53,21.05,21.1202,2505252
2014-06-11,21.0,21.18,18.85,19.25,19.314,10558299
2014-06-12,19.31,19.730999999999998,18.31,18.99,19.0534,7886219
2014-06-13,18.93,19.15,18.35,18.76,18.8225,5423547
2014-06-16,18.85,19.07,18.73,18.92,18.9831,1075313
2014-06-17,19.05,19.06,18.47,18.86,18.9229,2474781
2014-06-18,18.86,19.17,18.72,19.13,19.194000000000003,2419998
2014-06-19,19.14,19.44,19.1,19.36,19.4246,1518620
2014-06-20,19.39,19.61,19.24,19.55,19.6152,1883150
2014-06-23,19.55,19.555999999999997,19.2,19.37,19.4346,3351547
2014-06-24,19.25,19.33,18.97,19.09,19.1537,2606642
2014-06-25,19.1,19.35,18.98,19.3,19.3644,1183804
2014-06-26,19.26,19.54,19.0,19.44,19.5048,950039
2014-06-27,19.48,19.67,19.14,19.6,19.6653,2529997
2014-06-30,19.64,19.69,19.38,19.44,19.5048,2178146
2014-07-01,19.53,19.82,19.44,19.76,19.8259,3615111
2014-07-02,19.72,19.9,19.6,19.7,19.7658,1294217
2014-07-03,19.81,19.87,19.71,19.73,19.7958,717204
2014-07-07,19.7,19.7,19.38,19.47,19.5349,1033685
2014-07-08,19.01,19.28,19.0,19.04,19.1035,1476333
2014-07-09,19.04,19.35,18.88,19.25,19.314,2048025
2014-07-10,18.93,19.64,18.81,19.53,19.5951,2879235
2014-07-11,19.43,19.57,19.33,19.37,19.4346,692416
2014-07-14,19.48,19.6,19.33,19.36,19.4246,851046
2014-07-15,19.32,19.99,19.32,19.65,19.7157,1277846
2014-07-16,19.76,20.14,19.58,20.12,20.187,743587
2014-07-17,20.11,20.13,19.7,19.83,19.8961,702824
2014-07-18,19.9,20.13,19.67,19.85,19.9164,651313
2014-07-21,19.8,19.84,19.66,19.81,19.8758,413104
2014-07-22,19.84,20.05,19.84,19.94,20.0067,853761
2014-07-23,20.04,20.09,19.95,20.0,20.0667,1178835
2014-07-24,20.04,20.08,19.94,19.95,20.0165,955619
2014-07-25,19.84,20.01,19.822,19.87,19.9364,1248454
2014-07-28,19.84,20.01,19.71,19.84,19.9063,730815
2014-07-29,19.84,20.0,19.44,19.55,19.6152,1650974
2014-07-30,19.63,19.75,19.46,19.65,19.7157,758265
2014-07-31,19.57,20.1,18.53,19.17,19.2339,6060890
2014-08-01,19.16,19.32,18.93,19.1,19.1638,2891338
2014-08-04,19.19,19.26,18.55,18.84,18.9028,2188956
2014-08-05,18.74,18.85,17.8,17.98,18.04,9973551
2014-08-06,17.92,18.14,17.9,18.03,18.0902,2035492
2014-08-07,18.15,18.29,18.06,18.23,18.2908,1320208
2014-08-08,18.23,18.23,17.84,17.95,18.0098,1740585
2014-08-11,18.04,18.12,17.86,17.89,17.9498,812920
2014-08-12,17.87,17.97,17.67,17.96,18.02,1271042
2014-08-13,18.06,18.25,17.8999,17.99,18.0501,1369157
2014-08-14,17.97,17.98,17.35,17.6,17.6586,3346103
2014-08-15,17.65,17.98,17.6,17.94,17.9998,2129914
2014-08-18,17.97,18.1,17.86,17.96,18.02,1285998
2014-08-19,18.0,18.18,17.85,18.15,18.2106,1116992
2014-08-20,18.13,18.8,18.08,18.73,18.7924,1168120
2014-08-21,18.95,18.95,18.41,18.76,18.8225,1322170
2014-08-22,18.77,18.86,18.55,18.74,18.8023,904730
2014-08-25,18.79,18.87,18.52,18.86,18.9229,1129673
2014-08-26,18.88,19.02,18.76,18.81,18.8729,593135
2014-08-27,18.85,18.91,18.61,18.77,18.8326,260182
2014-08-28,18.74,18.85,18.59,18.79,18.8527,479574
2014-08-29,18.85,18.85,18.61,18.62,18.682000000000002,654994
2014-09-02,18.75,19.52,18.62,19.36,19.4246,2364037
2014-09-03,18.64,19.08,18.6,18.99,19.0534,7321241
2014-09-04,19.08,19.11,18.94,19.0,19.0634,2243912
2014-09-05,19.2,19.2,19.02,19.11,19.1736,2555499
2014-09-08,19.13,19.58,19.13,19.46,19.5248,2404733
2014-09-09,19.46,19.54,18.89,19.35,19.4145,2312949
2014-09-10,19.4,19.4,19.06,19.25,19.314,1480174
2014-09-11,19.23,19.39,19.03,19.24,19.3041,1053865
2014-09-12,19.2,19.26,18.81,18.98,19.0434,1790686
2014-09-15,19.0,19.07,18.66,18.72,18.7824,2100807
2014-09-16,18.64,18.89,18.39,18.65,18.7121,1852737
2014-09-17,18.66,18.84,18.47,18.66,18.7222,1135678
2014-09-18,18.7,18.775,18.455,18.5,18.5616,1163260
2014-09-19,18.59,18.67,18.19,18.22,18.2809,2201567
2014-09-22,18.1,18.17,17.87,17.99,18.0501,1783082
2014-09-23,17.92,18.11,17.58,17.9,17.9595,2017373
2014-09-24,17.98,18.1,17.83,18.05,18.1103,1039726
2014-09-25,18.05,18.1,17.73,17.74,17.7993,2767855
2014-09-26,17.75,17.83,17.59,17.65,17.7087,1867573
2014-09-29,17.53,17.88,17.35,17.73,17.789,1086819
2014-09-30,17.74,17.99,17.57,17.81,17.8693,1093531
2014-10-01,17.86,17.86,17.46,17.53,17.5886,1341234
2014-10-02,17.51,17.67,17.35,17.55,17.6085,1342856
2014-10-03,17.64,17.91,17.58,17.76,17.8191,787764
2014-10-06,17.82,18.52,17.74,18.39,18.4513,1895554
2014-10-07,18.32,18.32,17.96,18.0,18.06,1850341
2014-10-08,18.09,18.57,17.86,18.57,18.6317,2042495
2014-10-09,18.49,18.56,18.18,18.25,18.3109,1256643
2014-10-10,18.2,18.3,17.66,17.7,17.7591,1678400
2014-10-13,17.76,17.94,17.32,17.35,17.4078,1629886
2014-10-14,17.39,17.645,17.14,17.47,17.5283,3195570
2014-10-15,17.15,17.38,16.85,17.24,17.2975,2289610
2014-10-16,17.01,17.54,16.99,17.29,17.3478,2268891
2014-10-17,17.55,17.67,17.305,17.49,17.5484,1511447
2014-10-20,17.45,17.68,17.22,17.5,17.5583,916945
2014-10-21,17.61,18.13,17.61,18.06,18.1202,1555880
2014-10-22,18.13,18.13,17.65,17.67,17.7289,918183
2014-10-23,17.84,18.27,17.84,18.0,18.06,3701655
2014-10-24,18.0,18.075,17.87,17.99,18.0501,977073
2014-10-27,17.95,18.15,17.92,17.98,18.04,1562054
2014-10-28,18.12,18.62,18.0,18.51,18.5718,1568294
2014-10-29,18.47,18.7,18.35,18.44,18.5014,1355726
2014-10-30,18.4,18.59,18.36,18.41,18.4714,668397
2014-10-31,18.61,18.61,18.1553,18.5,18.5616,1666287
2014-11-03,18.68,18.92,18.47,18.58,18.6419,2339074
2014-11-04,17.35,17.89,16.82,17.29,17.3478,7579854
2014-11-05,16.62,17.15,16.62,16.85,16.9062,3975788
2014-11-06,16.83,17.295,16.52,17.09,17.147000000000002,4112502
2014-11-07,17.12,17.27,16.9,17.21,17.2675,2441787
2014-11-10,17.1,17.4,17.02,17.37,17.428,1477926
2014-11-11,17.37,18.19,17.19,18.17,18.2308,3857487
2014-11-12,18.1,18.59,17.9333,18.53,18.5919,3830170
2014-11-13,18.56,19.065,18.28,18.95,19.0133,6415725
2014-11-14,18.97,19.74,18.97,19.52,19.5851,6420757
2014-11-17,19.51,20.04,19.37,19.86,19.9262,5912013
2014-11-18,19.86,20.03,18.45,18.46,18.5215,7223658
2014-11-19,18.49,18.71,18.22,18.63,18.6922,2371362
2014-11-20,18.0,18.57,17.73,18.33,18.3913,4319944
2014-11-21,18.5,18.82,18.22,18.3,18.361,5810773
2014-11-24,18.37,18.49,18.25,18.35,18.4111,2430928
2014-11-25,18.35,18.64,18.34,18.58,18.6419,1599553
2014-11-26,18.6,18.8,18.5,18.75,18.8126,1132092
2014-11-28,18.83,18.84,18.43,18.59,18.6521,973320
2014-12-01,18.55,18.73,18.24,18.27,18.3308,2895321
2014-12-02,18.32,18.53,18.14,18.23,18.2908,2351659
2014-12-03,18.24,18.62,18.23,18.33,18.3913,1581540
2014-12-04,18.34,18.41,18.2,18.25,18.3109,1470158
2014-12-05,18.3,18.64,18.28,18.49,18.5518,2462750
2014-12-08,18.49,18.77,18.23,18.3,18.361,1344965
2014-12-09,18.13,21.56,18.09,18.61,18.6721,18286817
2014-12-10,18.46,19.1,18.3,18.58,18.6419,3392961
2014-12-11,18.7,19.08,18.33,18.36,18.4213,5207038
2014-12-12,18.23,18.38,17.56,17.65,17.7087,3839383
2014-12-15,17.81,17.91,17.65,17.72,17.779,2281262
2014-12-16,17.92,17.936,17.58,17.76,17.8191,3045721
2014-12-17,17.77,18.66,17.77,18.52,18.5818,1894668
2014-12-18,18.82,19.87,18.81,19.73,19.7958,2295455
2014-12-19,19.9,19.97,19.5,19.97,20.0367,2600499
2014-12-22,19.98,20.13,19.74,19.97,20.0367,1432426
2014-12-23,19.99,20.45,19.97,20.28,20.3474,1299921
2014-12-24,20.28,20.41,20.01,20.09,20.1569,445566
2014-12-26,20.07,20.14,19.73,19.84,19.9063,882622
2014-12-29,19.82,20.12,19.82,19.92,19.9863,662342
2014-12-30,19.89,20.15,19.76,19.8,19.8663,472026
2014-12-31,19.81,19.92,19.59,19.61,19.6754,587404
2015-01-02,19.77,20.22,19.4175,20.0,20.0667,1572210
2015-01-05,19.91,19.91,19.085,19.25,19.314,1475022
2015-01-06,19.28,19.57,18.9,19.0,19.0634,1735345
2015-01-07,19.19,19.67,19.1401,19.34,19.4044,1934009
2015-01-08,19.48,19.99,19.34,19.79,19.8561,2003647
2015-01-09,19.83,19.88,19.33,19.44,19.5048,1156539
2015-01-12,19.43,19.6,19.1,19.44,19.5048,1146364
2015-01-13,19.6,20.0,19.39,19.91,19.9765,1943412
2015-01-14,19.65,20.09,19.43,19.73,19.7958,3292668
2015-01-15,19.77,19.99,19.27,19.37,19.4346,1979726
2015-01-16,19.28,19.43,18.98,19.28,19.3442,2153886
2015-01-20,19.36,19.36,18.77,18.78,18.8426,2842478
2015-01-21,18.78,19.03,18.535999999999998,18.61,18.6721,1333301
2015-01-22,18.76,18.87,18.42,18.79,18.8527,1801953
2015-01-23,18.65,19.05,18.495,18.55,18.6119,1443580
2015-01-26,18.56,18.81,18.43,18.74,18.8023,1760103
2015-01-27,18.5,18.67,18.225,18.53,18.5919,1210002
2015-01-28,18.62,18.62,18.01,18.03,18.0902,920168
2015-01-29,18.05,18.15,17.75,18.04,18.1003,1267757
2015-01-30,17.9,18.13,17.81,17.85,17.9097,1206452
2015-02-02,17.9,18.67,17.83,18.63,18.6922,2981674
2015-02-03,19.53,20.37,19.28,19.98,20.0466,3293353
2015-02-04,20.19,21.52,20.0,20.97,21.04,4276853
2015-02-05,21.24,21.55,20.32,20.51,20.5784,4453365
2015-02-06,20.6,21.09,20.55,20.83,20.8994,1482845
2015-02-09,20.87,20.925,20.655,20.73,20.7991,1111100
2015-02-10,20.84,21.25,20.56,21.1,21.1704,2592829
2015-02-11,21.12,21.54,21.04,21.39,21.4614,1894297
2015-02-12,21.54,21.92,21.38,21.73,21.8023,1249920
2015-02-13,21.74,22.18,21.74,22.11,22.1839,1466213
2015-02-17,22.12,22.48,22.06,22.43,22.5047,1139109
2015-02-18,22.39,22.43,22.14,22.25,22.3243,880507
2015-02-19,22.19,22.565,22.098000000000003,22.49,22.5651,935123
2015-02-20,22.48,23.095,22.2,22.98,23.0566,1999750
2015-02-23,22.89,22.91,22.305,22.72,22.7957,1177528
2015-02-24,22.77,22.885,22.38,22.55,22.6251,1552584
2015-02-25,22.57,22.75,22.17,22.48,22.5549,1056941
2015-02-26,22.44,22.72,22.362,22.5,22.575,655452
2015-02-27,22.42,22.76,22.19,22.53,22.6051,1096391
2015-03-02,22.45,22.65,21.7,21.98,22.0531,2405434
2015-03-03,21.88,22.1,21.4,22.02,22.0936,1601399
2015-03-04,21.94,22.03,21.74,21.93,22.0031,854563
2015-03-05,21.9,21.94,21.55,21.8,21.8726,1081700
2015-03-06,21.58,22.655,21.54,22.43,22.5047,3771564
2015-03-09,22.51,22.51,21.91,22.25,22.3243,1193385
2015-03-10,22.06,22.52,22.04,22.1,22.1737,1490964
2015-03-11,22.03,22.47,21.9,22.36,22.4347,825172
2015-03-12,21.54,22.27,21.49,22.15,22.224,2213098
2015-03-13,22.15,22.21,21.82,22.08,22.1536,770168
2015-03-16,22.16,23.1,22.16,22.9,22.9762,1817649
2015-03-17,22.77,23.11,22.6599,23.05,23.1268,1124254
2015-03-18,23.02,23.48,22.91,23.31,23.3878,1055425
2015-03-19,23.21,23.4,23.12,23.34,23.4176,854822
2015-03-20,23.45,23.62,23.04,23.07,23.147,1546385
2015-03-23,23.13,23.51,22.87,22.87,22.9464,1476325
2015-03-24,22.87,22.87,22.34,22.5,22.575,1388642
2015-03-25,22.58,22.71,22.39,22.55,22.6251,715108
2015-03-26,22.26,22.58,22.2,22.27,22.3443,768814
2015-03-27,22.28,22.76,22.07,22.66,22.7356,899235
2015-03-30,22.8,22.97,22.68,22.77,22.846,704143
2015-03-31,22.69,23.18,22.65,23.14,23.2171,1399546
2015-04-01,23.08,23.585,23.07,23.34,23.4176,1747090
2015-04-02,23.32,23.4299,22.89,23.12,23.1972,1115103
2015-04-06,22.94,23.27,22.78,22.85,22.9262,1196058
2015-04-07,22.82,22.98,22.465,22.68,22.7555,1289095
2015-04-08,22.68,22.85,22.22,22.52,22.5951,1127381
2015-04-09,22.54,22.69,22.19,22.38,22.4546,758028
2015-04-10,22.42,22.785,22.35,22.76,22.8359,783659
2015-04-13,22.71,22.9,22.28,22.56,22.6352,750519
2015-04-14,22.58,23.14,22.47,23.13,23.2073,951036
2015-04-15,22.64,23.37,22.55,23.2,23.2775,1545113
2015-04-16,23.13,23.19,22.94,23.07,23.147,906740
2015-04-17,22.97,22.97,22.62,22.69,22.7658,748224
2015-04-20,22.77,22.9,22.35,22.5,22.575,667740
2015-04-21,22.59,22.84,22.415,22.63,22.7055,800802
2015-04-22,22.66,22.81,22.5,22.68,22.7555,809585
2015-04-23,22.7,23.15,22.7,23.05,23.1268,621725
2015-04-24,23.04,23.47,22.99,23.11,23.1872,1565182
2015-04-27,23.16,23.44,22.95,23.01,23.087,2334950
2015-04-28,24.0,24.02,23.46,24.0,24.08,5849415
2015-04-29,24.07,24.14,23.62,23.95,24.0299,6326194
2015-04-30,24.0,24.89,23.891,24.69,22.0199,6955611
2015-05-01,24.87,24.91,24.58,24.83,22.1447,1963206
2015-05-04,24.85,24.87,23.95,24.07,21.4667,5202748
2015-05-05,24.03,24.56,24.01,24.27,21.6452,3108140
2015-05-06,24.4,24.46,24.07,24.37,21.7343,1236576
2015-05-07,24.31,24.52,23.97,24.32,21.69,1913296
2015-05-08,24.48,24.53,24.125,24.25,21.6275,1560963
2015-05-11,24.19,24.51,24.18,24.38,21.7434,1528155
2015-05-12,24.28,24.54,24.07,24.51,21.8593,1063068
2015-05-13,24.59,24.84,24.281,24.59,21.9308,1820258
2015-05-14,24.75,24.85,24.27,24.38,21.7434,1487470
2015-05-15,24.6,25.25,24.58,24.81,22.127,2606792
2015-05-18,24.84,25.12,24.79,25.04,22.3319,2178877
2015-05-19,25.1,25.39,24.93,25.25,22.5192,2801790
2015-05-20,25.31,25.54,25.19,25.4,22.653000000000002,1172410
2015-05-21,25.43,25.4709,25.05,25.18,22.4566,1308433
2015-05-22,25.06,25.16,24.9759,25.05,22.3409,535417
2015-05-26,25.06,25.11,24.54,24.55,21.895,992380
2015-05-27,24.57,25.065,24.54,24.93,22.234,1251547
2015-05-28,24.9,24.91,24.68,24.69,22.0199,783380
2015-05-29,24.69,24.92,24.4,24.5,21.8504,1415280
2015-06-01,24.6,24.62,24.4,24.54,21.8861,1418203
2015-06-02,24.6,24.74,24.41,24.53,21.8772,990646
2015-06-03,24.52,24.98,24.43,24.82,22.1358,2329117
2015-06-04,24.89,24.9,24.52,24.56,21.9037,2607169
2015-06-05,24.66,24.745,24.47,24.53,21.8772,1526312
2015-06-08,24.5,24.83,24.5,24.58,21.9219,0
2015-06-09,24.59,24.66,24.13,24.44,21.7969,0
2015-06-10,24.54,24.69,24.31,24.63,21.9663,2567099
2015-06-11,24.66,25.55,24.66,25.15,22.43,2170867
2015-06-12,25.12,25.57,25.0,25.46,22.7066,1329732
2015-06-15,25.29,25.675,25.2,25.63,22.8582,1196622
2015-06-16,25.62,26.22,25.546,25.98,23.1703,2511195
2015-06-17,26.0,26.0,25.67,25.89,23.0898,712725
2015-06-18,26.07,26.43,25.96,26.25,23.4112,1873984
2015-06-19,26.33,26.67,26.2403,26.45,23.5895,2446245
2015-06-22,26.6,26.83,26.42,26.46,23.5984,1306342
2015-06-23,26.32,26.65,26.23,26.52,23.6519,1327259
2015-06-24,26.53,26.56,26.27,26.34,23.4915,544786
2015-06-25,26.23,26.24,25.64,25.8,23.0097,2226056
2015-06-26,25.78,26.205,25.76,26.11,23.2863,1252744
2015-06-29,25.6,26.03,25.11,25.55,22.7869,1476103
2015-06-30,25.56,25.77,25.42,25.57,22.8047,1071012
2015-07-01,25.85,26.6,25.77,26.48,23.6163,1902798
2015-07-02,26.51,26.65,26.02,26.2,23.3666,1802706
2015-07-06,25.74,25.75,23.92,24.01,21.4133,7913114
2015-07-07,24.07,24.45,23.78,24.05,21.449,6628264
2015-07-08,23.88,24.11,23.56,23.57,21.021,2821185
2015-07-09,23.89,24.0,23.46,23.79,21.2171,3406888
2015-07-10,24.02,24.1492,23.76,23.98,21.3866,1702313
2015-07-13,24.19,24.23,23.85,24.0,21.4044,2275047
2015-07-14,24.0,24.09,23.87,23.98,21.3866,2003370
2015-07-15,23.9,25.15,23.9,24.84,22.1536,5880815
2015-07-16,25.0,25.11,24.64,24.76,22.0822,1190778
2015-07-17,24.74,24.86,24.4,24.85,22.1625,1342674
2015-07-20,24.86,25.03,24.7,24.93,22.234,1218922
2015-07-21,24.86,24.99,24.75,24.87,22.1803,917069
2015-07-22,24.84,25.13,24.684,25.07,22.3588,735582
2015-07-23,25.07,25.22,24.675,24.83,22.1447,1284073
2015-07-24,24.9,25.18,24.48,24.53,21.8772,827800
2015-07-27,24.35,24.43,23.85,24.29,21.6631,837564
2015-07-28,24.29,25.05,24.26,24.96,22.2606,1858587
2015-07-29,25.01,25.27,24.74,25.11,22.3946,1892403
2015-07-30,25.0,25.6,23.83,24.55,21.895,2885174
2015-07-31,24.63,24.83,24.01,24.18,21.5648,1628952
2015-08-03,24.18,24.32,23.9,24.14,21.5292,1248294
2015-08-04,24.12,24.25,23.58,23.73,21.1639,1778904
2015-08-05,24.07,24.27,23.54,23.55,21.0031,1386970
2015-08-06,23.59,23.67,22.51,22.92,20.4413,2562028
2015-08-07,22.87,22.99,22.39,22.79,20.3253,1565258
2015-08-10,22.96,23.56,22.8,23.5,20.9585,1378083
2015-08-11,23.24,23.24,22.63,22.81,20.3432,1942688
2015-08-12,22.66,23.37,22.33,23.35,20.8247,1295820
2015-08-13,23.35,23.47,23.09,23.12,20.6196,928573
2015-08-14,23.36,23.38,22.92,23.25,20.7356,645465
2015-08-17,23.14,23.6,23.07,23.59,21.0387,748868
2015-08-18,23.59,23.59,22.89,22.97,20.4857,1023674
2015-08-19,22.87,23.04,22.59,22.84,20.3699,739288
2015-08-20,22.73,22.86,22.35,22.37,19.9507,594497
2015-08-21,22.17,22.37,21.94,21.97,19.594,1359371
2015-08-24,20.77,22.3697,19.29,21.39,19.0768,1650179
2015-08-25,21.82,22.19,21.3,21.31,19.0054,1033518
2015-08-26,21.62,22.05,21.14,22.0,19.6207,1580917
2015-08-27,22.16,22.76,22.054000000000002,22.4,19.9774,1040512
2015-08-28,22.29,22.67,22.115,22.66,20.2095,1008906
2015-08-31,22.49,22.68,22.31,22.46,20.031,1074586
2015-09-01,22.26,22.36,21.34,21.52,19.1929,1617005
2015-09-02,21.76,21.78,21.18,21.61,19.2729,1333011
2015-09-03,21.48,21.87,21.46,21.62,19.2819,1128646
2015-09-04,21.33,21.51,20.99,21.1,18.8182,788816
2015-09-08,21.24,21.49,21.16,21.35,19.0412,993369
2015-09-09,21.54,21.83,21.44,21.56,19.2283,1228764
2015-09-10,21.51,21.98,21.44,21.88,19.5138,1055395
2015-09-11,21.8,21.92,21.58,21.92,19.5493,1415876
2015-09-14,21.92,21.975,21.51,21.77,19.4157,885992
2015-09-15,21.82,21.98,21.77,21.87,19.5048,756395
2015-09-16,21.85,22.26,21.85,22.25,19.8435,858238
2015-09-17,22.24,22.77,22.24,22.39,19.9685,1245334
2015-09-18,22.1,22.315,21.7,21.8,19.4424,2376173
2015-09-21,22.01,22.32,21.9,22.1,19.7099,847901
2015-09-22,21.8,21.91,21.5,21.74,19.3889,624674
2015-09-23,21.74,21.91,21.68,21.78,19.4246,751015
2015-09-24,21.63,21.67,20.97,21.53,19.2015,1298442
2015-09-25,21.75,21.78,21.16,21.33,19.0233,1312609
2015-09-28,21.35,21.35,20.14,20.22,18.0333,2284781
2015-09-29,20.2,20.29,19.9,20.22,18.0333,3055283
2015-09-30,20.34,20.49,20.2,20.42,18.2116,2397874
2015-10-01,20.42,21.0,20.42,20.81,18.5595,3531668
2015-10-02,20.8,21.02,20.18,21.02,18.7467,1644658
2015-10-05,21.16,21.5,20.735,20.92,18.6576,3155894
2015-10-06,20.87,20.93,19.92,20.45,18.2383,3287423
2015-10-07,20.61,20.98,20.48,20.76,18.5148,1813015
2015-10-08,20.7,21.165,20.61,21.12,18.8359,1414295
2015-10-09,21.17,21.34,20.96,21.02,18.7467,1736302
2015-10-12,20.99,20.99,20.74,20.93,18.6664,1706602
2015-10-13,20.82,21.04,20.78,20.86,18.604,1700445
2015-10-14,20.92,21.01,20.43,20.6,18.3721,1028954
2015-10-15,20.59,21.175,20.52,21.1,18.8182,877669
2015-10-16,21.22,21.24,20.93,21.1,18.8182,730612
2015-10-19,20.99,21.25,20.7,21.12,18.8359,1112291
2015-10-20,21.11,21.28,20.9,20.92,18.6576,915431
2015-10-21,20.98,21.04,20.625,20.81,18.5595,1056900
2015-10-22,20.87,21.045,20.55,20.93,18.6664,1580270
2015-10-23,21.04,21.61,20.93,21.42,19.1035,1278562
2015-10-26,21.38,22.04,21.3,22.02,19.6386,1789401
2015-10-27,21.98,22.255,21.86,22.1,19.7099,3480999
2015-10-28,22.12,22.535,22.05,22.35,19.9329,2173712
2015-10-29,22.5,22.5,18.61,18.86,16.8202,9102075
2015-10-30,18.9,18.9,17.85,18.01,16.0622,4646740
2015-11-02,18.02,18.03,17.2,17.5,15.6074,4936343
2015-11-03,17.48,17.7,17.13,17.55,15.6522,5077125
2015-11-04,17.54,17.9,17.33,17.79,15.8661,2876010
2015-11-05,17.81,18.1,17.61,17.76,15.8393,2370672
2015-11-06,17.66,18.47,17.66,18.46,16.4637,3629434
2015-11-09,18.43,18.535,17.8,17.95,16.0087,1888069
2015-11-10,17.9,17.92,17.4,17.75,15.8303,1898046
2015-11-11,17.77,17.77,17.3,17.41,15.5272,2014861
2015-11-12,17.44,17.54,17.24,17.42,15.536,1335586
2015-11-13,17.35,17.425,17.15,17.33,15.4558,1753473
2015-11-16,17.28,17.59,16.91,17.56,15.661,1851629
2015-11-17,17.61,18.025,17.56,17.91,15.9731,3275796
2015-11-18,17.91,18.44,17.845,18.01,16.0622,4269672
2015-11-19,18.08,18.2699,17.79,18.18,16.2139,1833967
2015-11-20,18.09,18.2,17.33,17.56,15.661,2642847
2015-11-23,17.41,17.79,17.41,17.76,15.8393,2265523
2015-11-24,17.63,17.78,17.5,17.69,15.7769,1445859
2015-11-25,17.68,17.99,17.6072,17.91,15.9731,799094
2015-11-27,17.97,18.0,17.61,17.62,15.7145,287496
2015-11-30,17.62,17.745,17.48,17.64,15.7324,908484
2015-12-01,17.7,17.85,17.4,17.79,15.8661,1192294
2015-12-02,17.72,17.72,16.97,17.0,15.1613,2415077
2015-12-03,17.08,17.31,16.88,17.01,15.1704,1831956
2015-12-04,17.04,17.34,16.995,17.2,15.3397,876673
2015-12-07,17.13,17.2,16.575,16.74,14.9297,2277807
2015-12-08,16.59,17.03,16.48,16.84,15.019,1660358
2015-12-09,16.82,17.08,16.605,16.66,14.8584,879251
2015-12-10,16.64,16.8201,16.585,16.66,14.8584,751963
2015-12-11,16.54,16.656,16.17,16.2,14.4479,679432
2015-12-14,16.23,16.36,15.115,15.15,13.5115,2611539
2015-12-15,15.33,15.8632,15.27,15.75,14.0467,3328408
2015-12-16,15.81,15.87,15.5,15.58,13.8951,1533665
2015-12-17,15.73,15.8,15.38,15.44,13.7701,1807578
2015-12-18,15.44,15.44,15.17,15.21,13.5651,2776863
2015-12-21,15.31,15.6,15.225,15.49,13.8145,856796
2015-12-22,15.52,15.61,15.37,15.52,13.8415,1456162
2015-12-23,15.63,16.08,15.63,16.06,14.323,829171
2015-12-24,16.02,16.23,15.995,16.15,14.4034,401986
2015-12-28,16.06,16.06,15.69,15.86,14.1447,845309
2015-12-29,15.98,16.03,15.81,15.99,14.2609,993022
2015-12-30,15.96,16.13,15.9,16.0,14.2697,766896
2015-12-31,15.91,15.95,15.78,15.85,14.1357,831706
2016-01-04,15.63,15.79,15.38,15.79,14.0823,1362877
2016-01-05,15.81,15.93,15.35,15.38,13.7165,1851394
2016-01-06,15.12,15.46,14.9,15.09,13.4582,2055647
2016-01-07,14.9,15.16,14.27,14.37,12.815999999999999,2387601
2016-01-08,14.43,14.45,13.94,14.04,12.5217,2692794
2016-01-11,14.11,14.23,13.84,14.05,12.5305,1719011
2016-01-12,14.17,14.35,13.61,13.77,12.2808,2390710
2016-01-13,13.69,13.91,13.23,13.36,11.9151,2822985
2016-01-14,13.44,13.73,13.13,13.69,12.2095,2740721
2016-01-15,13.29,13.35,12.93,13.2,11.7724,3036829
2016-01-19,13.32,13.49,12.64,12.71,11.3356,2845102
2016-01-20,12.42,13.06,11.96,12.92,11.5227,4293006
2016-01-21,12.9,13.27,12.800999999999998,13.17,11.7457,3384446
2016-01-22,13.5,13.72,13.2325,13.47,12.0132,2975501
2016-01-25,13.38,13.45,13.07,13.2,11.7724,3118440
2016-01-26,13.28,13.535,13.2,13.4,11.9507,3560534
2016-01-27,12.01,12.24,10.73,10.96,9.7747,12754133
2016-01-28,11.19,11.19,10.16,10.44,9.311,5481093
2016-01-29,10.4,10.47,9.93,10.45,9.3199,7562974
2016-02-01,10.26,10.27,9.84,10.1,9.0078,4532029
2016-02-02,9.95,9.95,9.41,9.7,8.651,4627681
2016-02-03,9.75,10.09,9.44,10.08,8.9899,3338203
2016-02-04,10.08,10.51,10.0,10.3,9.186,3052710
2016-02-05,10.28,10.49,10.0,10.26,9.1504,2743046
2016-02-08,10.09,10.1,9.24,9.4,8.3835,3557914
2016-02-09,9.26,9.72,9.04,9.52,8.4903,3265223
2016-02-10,9.535,9.72,9.36,9.5,8.4726,2384675
2016-02-11,9.21,9.43,9.01,9.36,8.3477,2104244
2016-02-12,9.52,9.88,9.34,9.82,8.758,3370582
2016-02-16,9.96,10.06,9.16,9.96,8.8829,3465126
2016-02-17,10.09,10.74,10.08,10.27,9.1591,2997565
2016-02-18,10.27,10.35,9.92,10.24,9.1325,2363066
2016-02-19,10.18,10.2,9.95,10.1,9.0078,1640521
2016-02-22,10.27,10.505,10.25,10.36,9.2396,2888479
2016-02-23,10.32,10.37,10.03,10.05,8.9632,1277533
2016-02-24,9.75,10.22,9.63,10.12,9.0256,2892669
2016-02-25,10.16,10.24,9.84,10.2,9.097000000000001,2078011
2016-02-26,10.3,10.62,10.24,10.51,9.3732,1738695
2016-02-29,10.54,10.54,10.17,10.25,9.1415,1331154
2016-03-01,10.35,10.35,9.69,10.24,9.1325,2727598
2016-03-02,10.23,10.33,9.98,10.19,9.0879,1648854
2016-03-03,10.21,10.61,10.165,10.58,9.4358,3314949
2016-03-04,10.66,10.91,10.55,10.67,9.5161,2606384
2016-03-07,10.6,10.89,10.51,10.77,9.6054,2493909
2016-03-08,10.72,10.76,10.47,10.47,9.3376,3694734
2016-03-09,10.56,10.57,10.06,10.31,9.1949,4178177
2016-03-10,10.35,10.4,9.85,10.07,8.9811,2979948
2016-03-11,10.23,11.33,10.16,11.31,10.0868,3278574
2016-03-14,11.25,11.31,10.54,10.7,9.5428,2110084
2016-03-15,10.57,10.61,9.63,9.75,8.6955,4059405
2016-03-16,8.7,9.23,8.54,9.0,8.0267,9005852
2016-03-17,8.98,9.4,8.86,9.18,8.1873,6696254
2016-03-18,9.23,9.54,9.19,9.38,8.3655,3041624
2016-03-21,9.34,9.55,9.335,9.44,8.4191,1441860
2016-03-22,9.4,9.57,9.26,9.43,8.4102,1698067
2016-03-23,9.4,9.43,9.0,9.04,8.0623,1792329
2016-03-24,8.9,9.16,8.6,9.15,8.1606,2133587
2016-03-28,9.17,9.18,8.78,8.88,7.9196,1717558
2016-03-29,8.83,8.91,8.61,8.87,7.9107,1905935
2016-03-30,8.97,9.05,8.815,8.9,7.9374,2189351
2016-03-31,9.08,10.55,9.05,10.49,9.3556,8584606
2016-04-01,10.53,11.02,10.18,10.75,9.5875,5708345
2016-04-04,10.77,11.32,10.61,10.96,9.7747,4045438
2016-04-05,10.87,10.87,10.26,10.48,9.3466,2819882
2016-04-06,10.5,10.62,10.13,10.57,9.4267,1975725
2016-04-07,10.4,10.49,10.05,10.26,9.1504,2378628
2016-04-08,10.41,10.61,10.23,10.36,9.2396,2060629
2016-04-11,10.37,10.61,10.34,10.49,9.3556,1756330
2016-04-12,10.54,10.6765,10.24,10.6,9.4536,1541228
2016-04-13,10.66,11.33,10.66,11.21,9.9976,2759115
2016-04-14,11.23,11.38,11.01,11.37,10.1404,3666734
2016-04-15,11.34,11.46,10.88,11.08,9.8819,3352349
2016-04-18,10.95,11.23,10.85,11.2,9.9888,1495367
2016-04-19,11.25,11.45,11.09,11.15,9.9442,1721019
2016-04-20,11.14,11.83,11.09,11.71,10.4435,2378322
2016-04-21,11.7,11.92,11.6475,11.7,10.4346,1645624
2016-04-22,11.74,12.97,11.63,11.77,10.4971,6058851
2016-04-25,11.94,12.18,11.72,11.9,10.6129,2043952
2016-04-26,12.1,12.19,11.66,11.85,10.5686,3538638
2016-04-27,12.02,13.23,11.99,13.0,11.594000000000001,4706560
2016-04-28,13.05,13.76,12.58,13.41,11.9596,6420888
2016-04-29,13.4,13.41,12.93,13.17,11.7457,2580932
2016-05-02,13.21,13.22,12.89,13.18,11.7546,1223257
2016-05-03,13.02,13.02,12.65,12.91,11.5137,1507221
2016-05-04,12.82,13.0,12.59,12.78,11.3978,1677584
2016-05-05,12.78,12.87,12.42,12.52,11.1659,1059481
2016-05-06,12.41,12.71,12.41,12.67,11.2999,1091497
2016-05-09,12.68,12.8,12.33,12.53,11.1749,1231868
2016-05-10,12.56,12.875,12.56,12.6,11.2375,1472393
2016-05-11,12.28,12.54,12.11,12.24,10.9162,1714381
2016-05-12,12.43,12.52,11.76,12.0,10.7021,1328190
2016-05-13,11.92,12.2,11.72,11.8,10.5239,1149405
2016-05-16,11.88,12.1,11.71,11.81,10.5327,814646
2016-05-17,11.8,12.22,11.76,12.01,10.7112,1002666
2016-05-18,11.82,12.21,11.82,12.1,10.7914,989028
2016-05-19,12.03,12.25,11.62,11.7,10.4346,1650578
2016-05-20,11.65,11.93,11.65,11.76,10.4882,1602387
2016-05-23,11.76,12.27,11.7,12.06,10.7558,929709
2016-05-24,12.12,12.37,12.1,12.3,10.9698,957642
2016-05-25,12.39,12.88,12.32,12.83,11.4426,1859377
2016-05-26,12.83,12.88,12.55,12.61,11.2461,1005276
2016-05-27,12.65,12.86,12.48,12.59,11.2285,1025744
2016-05-31,12.68,12.99,12.68,12.86,11.4692,1354122
2016-06-01,12.71,12.91,12.48,12.71,11.3356,1254637
2016-06-02,12.68,12.81,12.58,12.74,11.3622,1685569
2016-06-03,12.67,12.67,11.6882,12.2,10.8805,2232921
2016-06-06,12.19,12.83,12.06,12.71,11.3356,2215080
2016-06-07,12.72,12.87,12.49,12.5,11.148,2328434
2016-06-08,12.55,12.73,12.38,12.53,11.1749,1035030
2016-06-09,12.38,12.43,11.7,11.87,10.5862,1918010
2016-06-10,11.99,11.99,11.28,11.3,10.078,1816854
2016-06-13,11.15,11.2925,10.96,11.2,9.9888,1369560
2016-06-14,11.13,11.13,10.14,10.29,9.1772,4282817
2016-06-15,10.31,10.825,10.31,10.63,9.4803,2397793
2016-06-16,10.49,10.56,10.16,10.39,9.2664,1919329
2016-06-17,10.48,10.64,10.33,10.46,9.3287,1318225
2016-06-20,10.74,10.94,10.59,10.62,9.4713,849935
2016-06-21,10.63,10.63,10.27,10.46,9.3287,1633156
2016-06-22,10.56,10.61,10.15,10.15,9.0524,1306169
2016-06-23,10.46,10.8,10.4,10.71,9.5517,1198107
2016-06-24,10.15,10.39,10.09,10.21,9.1057,3510941
2016-06-27,10.08,10.12,9.62,9.69,8.6421,4758518
2016-06-28,9.9,10.0699,9.625,9.75,8.6955,3465238
2016-06-29,9.91,10.61,9.89,10.5,9.3643,2766850
2016-06-30,10.59,10.79,9.95,10.33,9.2129,3700241
2016-07-01,10.22,10.74,10.21,10.63,9.4803,2579171
2016-07-05,10.52,10.52,9.75,9.9,8.8293,2852519
2016-07-06,9.8,10.27,9.485,9.92,8.8472,3316780
2016-07-07,9.96,10.48,9.83,10.15,9.0524,1733434
2016-07-08,10.29,10.96,10.22,10.83,9.658999999999999,2050745
2016-07-11,10.97,11.1,10.67,10.82,9.6498,1621369
2016-07-12,10.95,11.47,10.905,11.24,10.0245,1373946
2016-07-13,11.24,11.34,10.97,11.32,10.0958,1405397
2016-07-14,11.37,11.6,11.37,11.53,10.2831,986701
2016-07-15,11.63,12.03,11.4299,11.94,10.6488,1629192
2016-07-18,11.92,12.14,11.8258,11.97,10.6756,1493688
2016-07-19,11.86,12.19,11.86,11.91,10.622,1547886
2016-07-20,11.93,12.09,11.78,12.06,10.7558,956366
2016-07-21,12.06,12.15,11.715,11.98,10.6844,1562063
2016-07-22,11.94,11.94,11.69,11.85,10.5686,1042486
2016-07-25,10.37,11.16,10.0,11.14,9.9354,9427023
2016-07-26,10.95,11.43,10.8,11.27,10.0513,2920079
2016-07-27,11.28,12.04,11.28,11.61,10.3544,1887652
2016-07-28,11.57,11.57,11.26,11.4,10.1672,1700250
2016-07-29,11.39,11.465,10.94,10.99,9.8014,4138843
2016-08-01,11.05,11.465,10.94,11.01,9.8195,1784952
2016-08-02,11.0,11.23,10.6,10.78,9.6144,1306926
2016-08-03,10.74,11.2,10.62,11.15,9.9442,3160480
2016-08-04,11.17,11.37,11.1,11.15,9.9442,1355390
2016-08-05,11.52,11.93,11.22,11.6,10.3454,2419684
2016-08-08,11.65,11.88,11.555,11.61,10.3544,1900810
2016-08-09,11.72,11.775,11.21,11.27,10.0513,1438104
2016-08-10,11.36,11.48,11.13,11.15,9.9442,958646
2016-08-11,11.28,11.5,11.21,11.34,10.1136,764098
2016-08-12,11.25,11.51,11.22,11.42,10.1848,1110385
2016-08-15,11.42,11.65,11.24,11.61,10.3544,907719
2016-08-16,11.58,11.925,11.47,11.69,10.4259,1085466
2016-08-17,11.64,11.69,11.18,11.43,10.193999999999999,1411879
2016-08-18,11.46,11.61,11.37,11.59,10.3364,961619
2016-08-19,11.58,11.61,11.49,11.55,10.3009,716739
2016-08-22,11.51,11.65,11.35,11.57,10.3188,1171260
2016-08-23,11.66,11.86,11.54,11.82,10.5417,1243421
2016-08-24,11.79,12.39,11.71,11.75,10.4793,1217231
2016-08-25,11.77,11.88,11.68,11.83,10.5508,1064004
2016-08-26,11.87,12.34,11.82,11.95,10.6577,1101117
2016-08-29,11.96,12.28,11.91,12.2,10.8805,916181
2016-08-30,12.28,12.43,12.23,12.36,11.0232,1250661
2016-08-31,12.43,12.63,12.25,12.58,11.2195,1874721
2016-09-01,12.61,12.67,12.235,12.38,11.0411,1024918
2016-09-02,12.44,12.59,12.24,12.45,11.1037,802139
2016-09-06,12.5,12.505,12.25,12.31,10.9786,1131812
2016-09-07,12.39,12.47,12.25,12.37,11.0322,903813
2016-09-08,12.41,12.53,12.24,12.43,11.0857,1305078
2016-09-09,12.36,12.4999,12.18,12.18,10.8627,1137328
2016-09-12,11.82,12.495,11.76,12.39,11.0499,1162927
2016-09-13,12.15,12.22,11.7,11.9,10.6129,1374317
2016-09-14,11.86,11.949000000000002,11.62,11.75,10.4793,1198687
2016-09-15,11.66,11.71,11.21,11.33,10.1048,2038246
2016-09-16,11.09,11.22,11.015,11.07,9.873,1472938
2016-09-19,11.12,11.19,10.78,10.95,9.7658,1739257
2016-09-20,11.03,11.06,10.76,10.82,9.6498,1175189
2016-09-21,10.99,11.0,10.58,10.71,9.5517,1731399
2016-09-22,10.75,10.99,10.57,10.85,9.6766,1880363
2016-09-23,10.94,12.58,10.87,11.91,10.622,4691360
2016-09-26,11.8,11.93,11.58,11.92,10.6311,2055732
2016-09-27,11.84,12.16,11.68,11.99,10.6934,1481030
2016-09-28,12.0,12.26,11.915,12.14,10.827,1658956
2016-09-29,12.11,12.39,11.78,11.89,10.6041,1325101
2016-09-30,11.99,12.23,11.91,12.16,10.8448,1243647
2016-10-03,12.2,12.43,12.11,12.42,11.0766,1008846
2016-10-04,12.57,13.1,12.5,12.79,11.4068,3336962
2016-10-05,12.88,13.13,12.8,12.99,11.5853,2333241
2016-10-06,13.02,13.245,12.775,13.12,11.7011,2311489
2016-10-07,13.16,13.28,12.96,12.99,11.5853,2184643
2016-10-10,13.11,13.24,12.99,13.0,11.594000000000001,623326
2016-10-11,12.98,13.04,12.64,12.72,11.3442,796449
2016-10-12,12.68,12.85,12.545,12.68,11.3088,822414
2016-10-13,12.59,12.63,12.25,12.46,11.1125,940323
2016-10-14,12.62,12.85,12.49,12.55,11.1928,623156
2016-10-17,12.58,12.68,12.445,12.5,11.148,678161
2016-10-18,12.67,12.685,12.57,12.63,11.2644,570207
2016-10-19,12.65,12.865,12.57,12.8,11.4156,733101
2016-10-20,12.77,13.03,12.66,12.69,11.3177,644999
2016-10-21,12.6,12.77,12.48,12.57,11.2107,900800
2016-10-24,12.67,12.82,12.59,12.76,11.3801,414105
2016-10-25,12.69,12.85,12.55,12.66,11.2909,611348
2016-10-26,12.4,12.62,12.11,12.4,11.0589,982888
2016-10-27,12.49,12.64,12.3,12.43,11.0857,1430625
2016-10-28,12.47,12.54,12.255,12.37,11.0322,721056
2016-10-31,12.48,12.6099,12.11,12.2,10.8805,995933
2016-11-01,12.15,12.345,11.855,12.03,10.7291,1202796
2016-11-02,11.93,12.07,11.66,11.72,10.4524,1357520
2016-11-03,11.75,11.78,11.5,11.55,10.3009,1908028
2016-11-04,11.59,11.825,11.47,11.53,10.2831,1224314
2016-11-07,11.86,11.98,11.73,11.74,10.4703,1239376
2016-11-08,11.44,11.49,10.76,10.93,9.748,6216595
2016-11-09,11.6,12.56,11.5,12.43,11.0857,5619322
2016-11-10,12.54,13.33,12.53,13.17,11.7457,4170059
2016-11-11,13.08,13.29,12.86,13.28,11.8438,2509011
2016-11-14,13.4,14.02,13.29,13.95,12.4415,3636637
2016-11-15,13.86,14.01,13.49,13.93,12.4237,2256175
2016-11-16,13.79,13.95,13.68,13.86,12.3609,1489730
2016-11-17,13.69,13.92,13.45,13.77,12.2808,1041700
2016-11-18,13.79,13.81,13.545,13.6,12.1292,1552918
2016-11-21,13.71,13.96,13.655,13.89,12.3879,1306691
2016-11-22,13.93,14.07,13.81,13.89,12.3879,1291972
2016-11-23,13.85,14.04,13.75,14.02,12.5037,792126
2016-11-25,14.09,14.1,13.94,14.05,12.5305,271798
2016-11-28,13.94,14.03,13.68,13.8,12.3075,729606
2016-11-29,13.79,13.81,13.5025,13.54,12.0758,934038
2016-11-30,13.72,13.81,13.41,13.78,12.2898,1448640
2016-12-01,13.87,14.15,13.77,13.85,12.3521,1260128
2016-12-02,13.79,13.85,13.31,13.41,11.9596,1601216
2016-12-05,13.6,13.96,13.6,13.67,12.1916,1485464
2016-12-06,13.76,14.125,13.52,13.97,12.4591,1565688
2016-12-07,13.95,14.4,13.91,14.32,12.7714,1885391
2016-12-08,14.46,15.07,14.38,14.84,13.2352,1402694
2016-12-09,14.79,14.79,14.5,14.68,13.0924,898686
2016-12-12,14.68,14.81,14.115,14.23,12.6912,1267442
2016-12-13,14.39,14.52,13.94,14.0,12.4859,1009785
2016-12-14,13.82,14.105,13.64,13.79,12.2987,955603
2016-12-15,13.88,14.32,13.8,13.82,12.3254,1112166
2016-12-16,13.87,14.01,13.71,13.77,12.2808,826375
2016-12-19,13.74,13.9,13.6,13.88,12.3789,728291
2016-12-20,13.97,14.17,13.9,13.9,12.3968,829449
2016-12-21,13.82,13.88,13.67,13.82,12.3254,768909
2016-12-22,13.82,13.84,13.57,13.61,12.1381,995275
2016-12-23,13.63,13.73,13.56,13.69,12.2095,356815
2016-12-27,13.7,13.84,13.65,13.67,12.1916,663975
2016-12-28,13.76,13.78,13.43,13.51,12.0489,1169920
2016-12-29,13.52,13.67,13.355,13.48,12.0221,949967
2016-12-30,13.51,13.61,13.38,13.5,12.0399,1130327
2017-01-03,13.73,14.08,13.695,13.96,12.4503,1673689
2017-01-04,14.09,14.53,14.01,14.5,12.9319,2279038
2017-01-05,14.42,14.55,13.975,14.07,12.5484,1684056
2017-01-06,14.12,14.14,13.62,13.71,12.2274,2582425
2017-01-09,13.65,13.72,13.42,13.53,12.0667,1294897
2017-01-10,13.52,13.885,13.52,13.79,12.2987,1025831
2017-01-11,13.83,13.9,13.57,13.9,12.3968,935440
2017-01-12,13.38,13.96,13.38,13.7,12.2184,1257125
2017-01-13,13.77,13.88,13.32,13.35,11.9063,2037069
2017-01-17,13.22,13.74,13.1066,13.32,11.8796,1525102
2017-01-18,13.3,13.52,13.115,13.45,11.9955,918372
2017-01-19,13.48,13.65,13.3,13.38,11.9329,483214
2017-01-20,13.38,13.585,13.35,13.48,12.0221,831867
2017-01-23,13.25,13.53,13.22,13.48,12.0221,1232970
2017-01-24,13.8,13.8,13.8,13.8,12.3075,2325649
2017-01-25,13.3,13.7,12.8,12.81,11.4247,7950830
2017-01-26,12.62,12.86,12.39,12.83,11.4426,3224368
2017-01-27,12.74,12.9099,12.6,12.81,11.4247,1475615
2017-01-30,12.71,13.05,12.57,12.96,11.5585,1767201
2017-01-31,13.29,13.38,12.915,13.22,11.7902,2419159
2017-02-01,13.4,13.57,13.16,13.36,11.9151,1495161
2017-02-02,13.3,13.55,13.24,13.47,12.0132,1654768
2017-02-03,13.65,13.89,13.54,13.84,12.3434,1135632
2017-02-06,13.75,14.065,13.75,14.05,12.5305,1718302
2017-02-07,14.09,14.38,14.06,14.35,12.798,3160634
2017-02-08,14.14,14.19,13.94,14.16,12.6285,3190979
2017-02-09,14.17,14.41,14.0908,14.29,12.7446,1719811
2017-02-10,14.39,14.39,14.12,14.22,12.6822,1105912
2017-02-13,14.35,14.43,14.22,14.23,12.6912,1149207
2017-02-14,14.15,14.67,14.15,14.56,12.9856,1578433
2017-02-15,14.57,14.6,14.38,14.52,12.9498,1454989
2017-02-16,14.53,14.6,14.29,14.39,12.8337,818669
2017-02-17,14.24,14.28,14.09,14.28,12.7356,756888
2017-02-21,13.45,14.47,13.45,14.23,12.6912,1762512
2017-02-22,14.23,14.49,14.15,14.45,12.8875,1660271
2017-02-23,14.44,14.58,14.28,14.33,12.7804,4004161
2017-02-24,14.21,14.66,14.035,14.62,13.039000000000001,3214010
2017-02-27,14.66,14.97,14.6,14.97,13.3512,2521708
2017-02-28,14.87,14.98,14.62,14.78,13.1816,2159991
2017-03-01,15.2,15.47,14.92,14.95,13.3334,1976866
2017-03-02,14.95,14.95,14.48,14.55,12.9766,1242612
2017-03-03,14.53,14.6,14.45,14.53,12.9587,934844
2017-03-06,14.45,14.51,14.26,14.4,12.8428,1135462
2017-03-07,14.35,14.42,14.27,14.28,12.7356,709202
2017-03-08,14.36,14.46,14.22,14.26,12.7179,882429
2017-03-09,14.24,14.4,14.11,14.16,12.6285,663789
2017-03-10,14.24,14.41,14.13,14.24,12.6999,434350
2017-03-13,14.25,14.38,14.14,14.22,12.6822,538932
2017-03-14,14.16,14.315,14.06,14.27,12.7268,436546
2017-03-15,14.32,14.38,14.22,14.32,12.7714,625516
2017-03-16,14.36,14.6,14.36,14.49,12.923,1094447
2017-03-17,14.51,14.62,13.97,14.01,12.4948,1676009
2017-03-20,13.96,14.21,13.77,13.92,12.4146,2290274
2017-03-21,14.02,14.02,13.19,13.36,11.9151,2234507
2017-03-22,13.22,13.64,13.08,13.41,11.9596,1868732
2017-03-23,13.38,13.465,12.75,12.96,11.5585,6219127
2017-03-24,12.98,13.28,12.79,12.96,11.5585,1842881
2017-03-27,12.82,12.93,12.66,12.88,11.4871,1126927
2017-03-28,12.83,13.25,12.74,13.19,11.7635,1394330
2017-03-29,13.18,13.38,13.07,13.19,11.7635,1123583
2017-03-30,13.19,13.59,13.1,13.42,11.9686,1764851
2017-03-31,13.27,13.52,13.14,13.32,11.8796,1604482
2017-04-03,13.3,13.3,12.9,12.93,11.5319,1946402
2017-04-04,12.79,12.97,12.45,12.5,11.148,2567845
2017-04-05,12.58,12.74,12.19,12.23,10.9072,2633013
2017-04-06,12.22,12.58,11.93,12.49,11.1391,2897025
2017-04-07,12.42,12.58,12.33,12.51,11.1571,1455628
2017-04-10,12.28,12.51,12.18,12.29,10.9607,1937110
2017-04-11,12.26,12.355,12.105,12.31,10.9786,1772006
2017-04-12,12.32,12.375,12.06,12.15,10.835999999999999,1862654
2017-04-13,12.1,12.24,11.89,11.98,10.6844,2667951
2017-04-17,12.0,12.315,12.0,12.31,10.9786,3202106
2017-04-18,12.26,12.37,12.05,12.27,10.9429,1485907
2017-04-19,12.34,12.48,12.26,12.35,11.0143,2292961
2017-04-20,12.38,13.15,12.38,13.05,11.6388,3999353
2017-04-21,13.04,13.06,12.61,12.75,11.3711,2109481
2017-04-24,13.05,13.0986,12.89,12.92,11.5227,1334051
2017-04-25,13.05,13.15,12.89,13.13,11.7101,2084508
2017-04-26,13.28,13.91,12.93,13.34,11.8972,5164483
2017-04-27,13.55,13.55,13.0,13.1,11.6831,2768784
2017-04-28,13.03,13.04,12.56,12.74,11.3622,2999926
2017-05-01,12.81,12.915,12.65,12.8,11.4156,1697012
2017-05-02,12.81,12.89,12.57,12.83,11.4426,1582577
2017-05-03,12.75,12.8,12.38,12.45,11.1037,2524938
2017-05-04,12.5,12.59,12.42,12.5,11.148,1769624
2017-05-05,12.53,12.54,12.36,12.4,11.0589,1747062
2017-05-08,12.39,12.57,12.25,12.57,11.2107,2022713
2017-05-09,12.59,12.63,12.45,12.48,11.1302,1300193
2017-05-10,12.45,12.585,12.36,12.5,11.148,845515
2017-05-11,12.45,12.63,12.29,12.38,11.0411,2713716
2017-05-12,12.31,12.34,12.11,12.27,10.9429,1565470
2017-05-15,12.3,12.49,12.22,12.27,10.9429,2292863
2017-05-16,12.29,12.3358,11.92,12.02,10.7202,2486438
2017-05-17,11.79,11.88,11.625,11.79,10.5151,3032960
2017-05-18,11.67,11.9,11.525,11.64,10.380999999999998,2511676
2017-05-19,11.75,11.96,11.705,11.88,10.5953,2835935
2017-05-22,11.84,11.91,11.59,11.6,10.3454,2368949
2017-05-23,11.64,11.715,11.18,11.65,10.39,5169937
2017-05-24,11.72,11.74,11.58,11.59,10.3364,1112820
2017-05-25,11.64,11.72,11.51,11.72,10.4524,2153450
2017-05-26,11.72,11.86,11.68,11.84,10.5595,1507977
2017-05-30,11.78,11.82,11.51,11.52,10.2741,1600848
2017-05-31,11.5,11.54,11.12,11.17,9.9621,3678253
2017-06-01,11.25,11.6,11.16,11.4,10.1672,4514685
2017-06-02,11.34,11.57,11.2801,11.35,10.1226,1783541
2017-06-05,11.36,11.56,11.31,11.44,10.2029,1024852
2017-06-06,11.43,11.79,11.28,11.68,10.4169,1687231
2017-06-07,11.74,11.75,11.545,11.69,10.4259,1797847
2017-06-08,11.68,11.8,11.55,11.61,10.3544,1830055
2017-06-09,11.6,11.71,11.315,11.44,10.2029,4150651
2017-06-12,11.5,11.73,11.38,11.44,10.2029,2257132
2017-06-13,11.47,11.77,11.19,11.57,10.3188,3406609
2017-06-14,11.58,11.62,11.34,11.59,10.3364,2528366
2017-06-15,11.53,11.76,11.45,11.73,10.4615,3927401
2017-06-16,11.76,11.76,11.38,11.55,10.3009,2886441
2017-06-19,11.65,11.725,11.51,11.58,10.3278,2711130
2017-06-20,11.57,11.62,11.3732,11.49,10.2474,4070363
2017-06-21,11.58,11.66,11.49,11.6,10.3454,3058164
2017-06-22,11.61,12.03,11.61,11.79,10.5151,2792355
2017-06-23,11.86,11.955,11.635,11.66,10.3991,6011195
2017-06-26,11.68,12.07,11.65,12.03,10.7291,1795846
2017-06-27,12.04,12.54,12.04,12.39,11.0499,3177568
2017-06-28,12.5,12.63,12.39,12.52,11.1659,1460170
2017-06-29,12.87,13.04,12.695,12.87,11.4783,4862433
2017-06-30,12.83,12.85,12.705,12.76,11.3801,3552732
2017-07-03,12.79,13.1,12.76,13.06,11.6478,935132
2017-07-05,13.12,13.23,13.05,13.17,11.7457,2328256
2017-07-06,13.17,13.17,12.86,12.89,11.4959,2006770
2017-07-07,12.93,13.115,12.81,13.09,11.6743,2277394
2017-07-10,13.1,13.3895,13.03,13.23,11.7992,2928088
2017-07-11,13.3,13.33,13.05,13.08,11.6655,2262631
2017-07-12,13.08,13.33,13.07,13.29,11.8528,1444516
2017-07-13,13.37,13.54,13.3,13.41,11.9596,1634369
2017-07-14,13.27,13.42,13.265,13.28,11.8438,970566
2017-07-17,13.28,13.42,13.135,13.17,11.7457,1828621
2017-07-18,13.28,13.36,13.16,13.28,11.8438,1814609
2017-07-19,13.32,13.66,13.31,13.59,12.1202,1607400
2017-07-20,13.58,13.66,13.48,13.52,12.0577,1182529
2017-07-21,13.53,13.72,13.505,13.63,12.1557,1110949
2017-07-24,13.56,13.61,13.425,13.5,12.0399,1418466
2017-07-25,13.61,13.75,13.54,13.58,12.1113,1248803
2017-07-26,13.57,13.65,13.36,13.44,11.9865,1292205
2017-07-27,13.46,13.575,13.205,13.46,12.0043,3658264
2017-07-28,13.08,13.21,12.81,12.96,11.5585,3563344
2017-07-31,12.93,13.04,12.79,12.81,11.4247,1817697
2017-08-01,12.83,12.975,12.8,12.89,11.4959,1839295
2017-08-02,12.89,12.94,12.73,12.83,11.4426,1119637
2017-08-03,12.83,12.98,12.69,12.69,11.3177,1625068
2017-08-04,12.71,12.71,12.71,12.71,11.3356,1535574
2017-08-07,12.8,13.14,12.75,13.09,11.6743,1983898
2017-08-08,13.09,13.52,13.01,13.28,11.8438,1514025
2017-08-09,13.14,13.255,13.06,13.19,11.7635,1027394
2017-08-10,13.1,13.17,12.89,12.89,11.4959,982021
2017-08-11,12.7,12.895,12.68,12.81,11.4247,943993
2017-08-14,12.93,13.16,12.86,13.02,11.612,1460341
2017-08-15,13.12,13.29,13.05,13.23,11.7992,1639518
2017-08-16,13.32,13.37,13.025,13.09,11.6743,1197292
2017-08-17,13.08,13.22,12.85,12.85,11.4603,1423109
2017-08-18,12.78,13.04,12.77,12.85,11.4603,2019178
2017-08-21,12.79,12.945,12.77,12.84,11.4513,743079
2017-08-22,12.94,12.94,12.735,12.79,11.4068,617430
2017-08-23,12.72,12.915,12.700999999999999,12.81,11.4247,728443
2017-08-24,12.9,13.8793,12.81,13.71,12.2274,4517418
2017-08-25,13.73,14.09,13.73,13.97,12.4591,2190568
2017-08-28,14.05,14.3,13.835,13.93,12.4237,3836279
2017-08-29,13.79,13.85,13.61,13.79,12.2987,1950391
2017-08-30,14.15,14.51,13.96,14.38,12.8248,3196265
2017-08-31,14.5,14.52,14.24,14.28,12.7356,1736536
2017-09-01,14.34,14.53,14.25,14.46,12.8963,1952076
2017-09-05,14.68,14.68,14.19,14.46,12.8963,3807091
2017-09-06,14.5,14.5,14.25,14.32,12.7714,2496263
2017-09-07,14.27,14.29,14.0,14.2,12.6643,2113690
2017-09-08,14.16,14.375,14.11,14.26,12.7179,2015418
2017-09-11,14.45,14.56,14.25,14.26,12.7179,1910576
2017-09-12,14.36,14.43,14.25,14.31,12.7625,1794526
2017-09-13,14.31,14.36,14.16,14.18,12.6464,1508812
2017-09-14,14.16,14.21,14.025,14.1,12.5749,1159833
2017-09-15,14.05,14.27,13.9865,14.23,12.6912,2052986
2017-09-18,14.32,14.51,14.3,14.51,12.9408,1029526
2017-09-19,14.55,14.57,14.35,14.5,12.9319,821943
2017-09-20,14.49,14.49,14.3,14.38,12.8248,1131599
2017-09-21,14.34,14.42,14.24,14.36,12.807,853749
2017-09-22,14.38,14.55,14.32,14.54,12.9676,1179562
2017-09-25,14.68,14.68,14.68,14.68,13.0924,1496023
2017-09-26,14.64,15.155,14.6,15.05,13.4223,2006678
2017-09-27,15.18,15.41,15.11,15.19,13.5472,2123514
2017-09-28,15.2,15.31,15.175,15.27,13.6185,1333191
2017-09-29,15.26,15.38,15.19,15.37,13.7077,1993799
2017-10-02,15.36,15.69,15.32,15.59,13.9041,4687027
2017-10-03,15.73,15.82,15.5,15.55,13.8684,2171561
2017-10-04,15.57,15.63,15.47,15.52,13.8415,2313177
2017-10-05,15.56,15.73,15.46,15.61,13.9217,2011442
2017-10-06,15.61,15.7,15.54,15.68,13.9842,1519203
2017-10-09,15.82,15.87,15.28,15.33,13.6721,1457636
2017-10-10,15.32,15.51,15.08,15.33,13.6721,1926022
2017-10-11,15.25,15.25,15.25,15.25,13.6007,1543028
2017-10-12,15.2,15.2,14.97,15.07,13.4402,1473234
2017-10-13,15.12,15.19,14.995,15.13,13.4937,1035535
2017-10-16,15.14,15.61,15.14,15.5,13.8237,2166462
2017-10-17,15.45,15.46,15.24,15.27,13.6185,1012180
2017-10-18,15.31,15.45,15.26,15.37,13.7077,767154
2017-10-19,15.22,15.415,15.14,15.31,13.6542,904357
2017-10-20,15.51,15.55,15.36,15.39,13.7255,1177111
2017-10-23,15.38,15.52,15.25,15.3,13.6452,655758
2017-10-24,15.3,15.38,15.0,15.3,13.6452,1534018
2017-10-25,15.34,15.405,15.04,15.18,13.5382,1473557
2017-10-26,15.24,15.515,15.18,15.4,13.7345,2321576
2017-10-27,14.78,16.53,14.75,16.07,14.3321,6272291
2017-10-30,16.11,16.805,16.11,16.69,14.885,4335804
2017-10-31,16.69,16.87,16.57,16.64,14.8404,2405465
2017-11-01,16.79,17.0,16.68,16.82,15.001,2809360
2017-11-02,16.79,17.015,16.57,16.94,15.1081,1551121
2017-11-03,16.8,17.0,16.74,16.99,15.1525,1672234
2017-11-06,16.87,17.05,16.85,16.93,15.1259,1227569
2017-11-07,16.87,16.94,16.495,16.62,14.8489,1073815
2017-11-08,16.49,16.51,16.27,16.42,14.6702,1619023
2017-11-09,16.29,16.42,16.03,16.21,14.4823,1896245
2017-11-10,16.27,16.46,16.18,16.18,14.4557,1051311
2017-11-13,16.05,16.06,15.885,15.93,14.2323,1476162
2017-11-14,15.81,15.99,15.73,15.78,14.0985,1684638
2017-11-15,15.74,16.4,15.64,16.28,14.5452,1910356
2017-11-16,16.29,16.42,16.09,16.15,14.4288,1401540
2017-11-17,16.13,16.3695,16.09,16.32,14.581,821546
2017-11-20,16.6,17.17,16.5,17.07,15.2507,4261293
2017-11-21,17.17,17.34,16.99,17.09,15.2686,1880459
2017-11-22,17.12,17.19,16.92,16.95,15.1436,780252
2017-11-24,16.95,16.95,16.8,16.85,15.0543,305823
2017-11-27,16.81,16.87,16.645,16.73,14.947000000000001,789583
2017-11-28,16.73,17.04,16.59,17.0,15.1884,1423889
2017-11-29,17.08,17.4198,16.94,17.05,15.2329,2028902
2017-11-30,17.22,17.36,17.075,17.24,15.4027,1878388
2017-12-01,17.27,17.565,17.11,17.37,15.5188,1429695
2017-12-04,18.6,18.73,17.83,18.03,16.1087,3258671
2017-12-05,18.1,18.1,17.605,17.76,15.8674,2658533
2017-12-06,17.71,17.71,17.58,17.64,15.7601,1365129
2017-12-07,17.63,17.94,17.57,17.9,15.9925,1257452
2017-12-08,17.97,18.02,17.7801,17.82,15.9209,1361073
2017-12-11,17.9,18.3,17.88,18.19,16.2515,1381525
2017-12-12,18.21,18.43,18.21,18.42,16.4571,2231588
2017-12-13,18.45,18.54,18.3,18.32,16.3678,2326876
2017-12-14,18.43,18.43,18.21,18.28,16.332,963155
2017-12-15,18.32,18.32,17.98,17.99,16.0727,3065463
2017-12-18,18.18,18.39,18.085,18.11,16.1801,2647890
2017-12-19,18.21,18.25,18.04,18.13,16.1981,1817741
2017-12-20,18.25,18.39,18.2,18.28,16.332,1136953
2017-12-21,18.4,18.71,18.36,18.52,16.5465,2675866
2017-12-22,18.66,18.7,18.385,18.45,16.4839,942481
2017-12-26,18.45,18.5,18.33,18.48,16.5105,765011
2017-12-27,18.52,18.57,18.38,18.48,16.5105,1218215
2017-12-28,18.55,18.605,18.38,18.6,16.6177,844068
2017-12-29,18.65,18.73,18.5,18.62,16.6357,1103044
2018-01-02,18.6,18.65,18.27,18.39,16.4304,2669636
2018-01-03,18.54,18.66,18.42,18.51,16.5375,2163894
2018-01-04,18.65,18.795,18.44,18.62,16.6357,2107874
2018-01-05,18.7,18.89,18.53,18.85,16.840999999999998,1889506
2018-01-08,18.85,18.85,18.51,18.61,16.6268,1548626
2018-01-09,18.58,18.64,18.39,18.43,16.4659,1777606
2018-01-10,18.52,18.61,18.31,18.35,16.3945,1487477
2018-01-11,18.43,18.58,18.33,18.55,16.5732,1129898
2018-01-12,19.02,19.02,18.61,18.79,16.7873,2307220
2018-01-16,18.87,18.88,18.12,18.2,16.2604,2545431
2018-01-17,18.24,18.31,18.09,18.2,16.2604,1665464
2018-01-18,18.21,18.33,18.1,18.12,16.189,2338452
2018-01-19,18.22,18.43,17.88,18.41,16.4481,2967244
2018-01-22,18.37,18.64,18.35,18.42,16.4571,1541607
2018-01-23,18.31,18.61,18.22,18.56,16.582,1575319
2018-01-24,18.59,18.725,18.425,18.46,16.4927,1868350
2018-01-25,18.55,18.645,18.39,18.5,16.5286,1657513
2018-01-26,18.55,18.735,18.44,18.69,16.6982,1391973
2018-01-29,18.64,18.79,18.59,18.62,16.6357,2114568
2018-01-30,18.55,18.55,18.15,18.48,16.5105,2655902
2018-01-31,18.22,18.2791,16.93,17.25,15.4117,11033452
2018-02-01,16.83,17.46,16.781,17.44,15.5814,3813036
2018-02-02,17.23,17.32,16.78,16.89,15.0901,4020505
2018-02-05,16.73,17.035,16.43,16.52,14.7594,3534472
2018-02-06,16.13,16.81,15.895,16.64,14.8666,5076832
2018-02-07,16.56,16.82,16.46,16.54,14.7773,2899063
2018-02-08,16.56,16.64,16.22,16.29,14.554,4675339
2018-02-09,16.34,16.54,15.88,16.32,14.6256,3137634
2018-02-12,16.4,16.76,16.25,16.73,14.9931,2108088
2018-02-13,16.6,16.835,16.6,16.68,14.9484,2055749
2018-02-14,16.64,16.97,16.58,16.92,15.1632,1816302
2018-02-15,17.05,17.24,16.76,17.0,15.2351,2339156
2018-02-16,16.98,17.27,16.94,17.01,15.244000000000002,2074746
2018-02-20,16.97,17.105,16.73,16.8,15.0558,1105636
2018-02-21,16.79,17.11,16.76,16.76,15.0201,1455984
2018-02-22,16.8,16.91,16.49,16.49,14.7781,1245384
2018-02-23,16.54,16.83,16.54,16.75,15.011,928954
2018-02-26,16.04,16.66,16.03,16.66,14.9304,1981885
2018-02-27,16.65,16.81,16.47,16.48,14.769,920623
2018-02-28,16.51,16.68,16.35,16.35,14.6526,1178882
2018-03-01,16.0,16.56,16.0,16.12,14.4464,1572488
2018-03-02,15.98,16.415,15.75,16.37,14.6706,1912574
2018-03-05,16.31,16.79,16.2,16.69,14.9572,1325783
2018-03-06,16.71,16.95,16.63,16.9,15.1455,1335018
2018-03-07,16.77,17.035,16.77,16.92,15.1632,1659591
2018-03-08,16.96,17.15,16.69,16.94,15.1813,1229590
2018-03-09,17.13,17.385,17.08,17.31,15.5131,1289925
2018-03-12,17.31,17.665,17.31,17.35,15.5487,1214473
2018-03-13,17.36,17.42,17.06,17.12,15.3426,1526594
2018-03-14,17.14,17.23,16.92,16.96,15.1993,1377888
2018-03-15,16.98,17.06,16.755,16.77,15.029000000000002,1719260
2018-03-16,16.87,17.3,16.8,17.26,15.4682,1841580
2018-03-19,17.18,17.28,16.72,16.92,15.1632,1379168
2018-03-20,16.92,17.02,16.655,16.79,15.0468,1458074
2018-03-21,16.84,17.05,16.73,16.82,15.0738,1397003
2018-03-22,16.67,16.69,16.16,16.16,14.4822,2095061
2018-03-23,16.21,16.315,15.8801,15.9,14.2494,2169879
2018-03-26,16.08,16.4,15.94,16.39,14.6885,2069235
2018-03-27,16.47,16.47,15.85,15.91,14.2583,2589427
2018-03-28,15.97,16.13,15.87,16.04,14.3749,1733054
2018-03-29,16.05,16.38,16.05,16.3,14.6077,1393514
2018-04-02,16.21,16.36,15.66,15.79,14.1508,1426611
2018-04-03,15.88,16.065,15.74,16.03,14.3659,1489999
2018-04-04,15.74,16.14,15.63,16.11,14.4374,2075087
2018-04-05,16.21,16.47,16.145,16.37,14.6706,1867996
2018-04-06,16.17,16.28,15.74,15.83,14.1864,1398233
2018-04-09,15.87,16.165,15.77,15.79,14.1508,1367269
2018-04-10,15.98,16.03,15.81,15.91,14.2583,1242767
2018-04-11,15.8,16.075,15.79,15.89,14.2404,1769023
2018-04-12,16.04,16.23,15.915,16.16,14.4822,1040113
2018-04-13,16.27,16.29,15.71,15.79,14.1508,2035206
2018-04-16,15.84,15.86,15.59,15.6,13.9805,3279306
2018-04-17,15.72,15.835,15.56,15.69,14.0611,2330329
2018-04-18,15.8,16.07,15.75,15.8,14.1596,2071059
2018-04-19,15.88,16.1,15.76,15.9,14.2494,1466554
2018-04-20,15.98,16.01,15.635,15.68,14.0521,3138740
2018-04-23,15.73,15.77,15.55,15.71,14.079,2493259
2018-04-24,18.14,18.425,17.13,18.21,16.3195,8406266
2018-04-25,18.4,18.79,18.33,18.6,16.6691,4826447
2018-04-26,18.69,18.81,18.34,18.68,16.7406,2983894
2018-04-27,18.7,18.8,18.47,18.63,16.6959,1757601
2018-04-30,18.65,18.7,18.43,18.45,16.5345,1630626
2018-05-01,18.34,18.66,18.265,18.48,16.5615,2254353
2018-05-02,18.42,18.93,18.42,18.81,16.857,2264287
2018-05-03,18.76,18.82,18.32,18.41,16.5426,2688439
2018-05-04,18.38,18.79,18.26,18.61,16.7225,1000895
2018-05-07,19.0,19.25,18.7,18.78,16.875,2878851
2018-05-08,18.75,19.205,18.725,19.16,17.2165,1513572
2018-05-09,19.19,19.415,19.09,19.32,17.3604,2157460
2018-05-10,19.33,19.58,19.21,19.46,17.4862,1965153
2018-05-11,19.46,19.63,19.34,19.35,17.3872,1578624
2018-05-14,19.38,19.6,19.3,19.52,17.54,1307494
2018-05-15,19.49,20.18,19.361,19.78,17.7738,2931469
2018-05-16,19.71,19.915,19.71,19.76,17.7557,1410466
2018-05-17,19.75,19.92,19.61,19.78,17.7738,1557743
2018-05-18,19.84,19.97,19.73,19.86,17.8456,896901
2018-05-21,19.91,20.13,19.895,20.12,18.0792,2050966
2018-05-22,20.18,20.36,20.09,20.23,18.1782,2084458
2018-05-23,20.29,20.46,20.03,20.41,18.3397,2114907
2018-05-24,20.29,20.339000000000002,19.89,19.96,17.9355,1581821
2018-05-25,19.85,19.85,19.54,19.64,17.648,1104123
2018-05-29,19.4,19.5,19.01,19.09,17.1537,1456731
2018-05-30,19.23,19.35,17.25,17.85,16.0394,12608813
2018-05-31,17.85,18.08,17.71,17.91,16.0932,5583401
2018-06-01,18.67,18.93,17.38,18.35,16.4886,11736471
2018-06-04,18.34,18.97,18.275,18.89,16.974,3492425
2018-06-05,18.8,18.82,18.44,18.54,16.6594,3470462
2018-06-06,18.6,18.905,18.43,18.78,16.875,2983255
2018-06-07,18.81,19.13,18.675,18.78,16.875,3062675
2018-06-08,18.74,18.83,18.555,18.82,16.910999999999998,1937696
2018-06-11,18.85,18.945,18.73,18.83,16.92,1669410
2018-06-12,18.47,19.04,18.47,18.93,17.0099,1230697
2018-06-13,18.97,19.01,18.59,18.69,16.7944,2457808
2018-06-14,18.65,18.82,18.31,18.74,16.8391,2055474
2018-06-15,18.75,19.17,18.57,19.12,17.1808,3149131
2018-06-18,19.01,19.34,18.945,19.12,17.1808,1806985
2018-06-19,18.95,19.02,18.73,19.0,17.0729,1854834
2018-06-20,19.07,19.19,18.92,19.1,17.1627,1771078
2018-06-21,19.08,19.09,18.705,18.91,16.992,1619192
2018-06-22,19.25,19.63,19.16,19.19,17.2435,4129870
2018-06-25,19.18,19.29,18.65,18.75,16.8481,2011863
2018-06-26,18.78,18.92,18.57,18.72,16.8211,1313938
2018-06-27,19.01,19.3,18.76,18.77,16.8661,2362266
2018-06-28,18.81,19.13,18.7,19.08,17.1446,1462762
2018-06-29,19.78,19.78,19.09,19.09,17.1537,2942715
2018-07-02,18.59,19.33,18.59,19.3,17.3423,2014152
2018-07-03,19.4,19.53,19.27,19.42,17.4502,922354
2018-07-05,19.49,19.5,19.33,19.46,17.4862,1572616
2018-07-06,19.43,19.62,19.4,19.5,17.5221,1027897
2018-07-09,19.45,19.61,19.32,19.6,17.6119,2286003
2018-07-10,19.76,19.85,19.43,19.56,17.5762,1947226
2018-07-11,19.64,19.73,19.48,19.68,17.6839,839652
2018-07-12,19.84,19.84,19.605,19.63,17.6387,1197037
2018-07-13,19.63,19.675,19.35,19.62,17.6298,1090988
2018-07-16,19.59,19.71,19.25,19.27,17.3153,1623831
2018-07-17,19.14,19.635,19.14,19.42,17.4502,1493686
2018-07-18,19.54,19.665,19.41,19.63,17.6387,1592744
2018-07-19,19.47,19.61,19.22,19.52,17.54,1507451
2018-07-20,19.5,19.535,19.135,19.19,17.2435,1511116
2018-07-23,19.16,19.55,19.11,19.5,17.5221,1203255
2018-07-24,19.54,19.65,19.2,19.43,17.4592,2225270
2018-07-25,20.45,20.45,19.2,20.05,18.0163,3655476
2018-07-26,20.19,20.24,19.41,19.57,17.5849,2938042
2018-07-27,19.6,19.75,19.31,19.39,17.4232,1431923
2018-07-30,19.49,19.73,19.365,19.53,17.549,1811484
2018-07-31,19.55,19.6,19.21,19.24,17.2887,1886956
2018-08-01,19.24,19.745,19.24,19.71,17.7108,2862013
2018-08-02,19.55,20.0,19.55,19.97,17.9444,2595345
2018-08-03,19.87,20.25,19.87,20.12,18.2621,2005349
2018-08-06,20.11,20.23,19.9501,20.08,18.2256,1228680
2018-08-07,20.11,20.57,20.11,20.36,18.48,1658494
2018-08-08,20.34,20.64,20.27,20.5,18.6069,1085935
2018-08-09,20.44,20.79,20.44,20.78,18.861,1674536
2018-08-10,20.71,20.74,20.445,20.51,18.6162,900160
2018-08-13,20.51,20.6,20.35,20.35,18.4709,833347
2018-08-14,20.45,20.71,20.45,20.69,18.7793,922993
2018-08-15,20.6,20.63,20.205,20.43,18.5434,1728192
2018-08-16,20.46,21.4816,20.46,21.15,19.1969,3259715
2018-08-17,21.12,21.28,21.04,21.23,19.2697,1526289
2018-08-20,21.26,21.51,21.26,21.44,19.4603,1277454
2018-08-21,21.44,21.81,21.44,21.5,19.5147,1002181
2018-08-22,21.51,21.6,21.3475,21.4,19.4239,865014
2018-08-23,21.36,21.43,21.19,21.3,19.333,1116570
2018-08-24,21.33,21.4,21.16,21.22,19.2606,687509
2018-08-27,21.36,21.56,21.33,21.4,19.4239,726117
2018-08-28,21.42,21.635,21.4,21.5,19.5147,1131464
2018-08-29,21.64,21.64,21.41,21.47,19.4874,1146848
2018-08-30,21.46,21.53,21.305,21.35,19.3785,905347
2018-08-31,21.36,21.605,21.32,21.58,19.5872,1755272
2018-09-04,21.55,21.74,21.46,21.72,19.7144,737376
2018-09-05,21.75,21.81,21.53,21.69,19.6872,1430147
2018-09-06,21.67,21.74,21.365,21.45,19.4693,800620
2018-09-07,21.41,21.43,21.09,21.19,19.2333,1121283
2018-09-10,21.23,21.3,21.135,21.22,19.2606,776454
2018-09-11,21.17,21.54,21.12,21.49,19.5055,1195089
2018-09-12,21.5,21.5675,21.26,21.45,19.4693,794560
2018-09-13,21.46,21.62,21.32,21.37,19.3968,806635
2018-09-14,21.34,21.61,21.34,21.51,19.5237,855717
2018-09-17,21.5,21.58,21.175,21.21,19.2516,1257307
2018-09-18,21.27,21.44,21.19,21.23,19.2697,1227375
2018-09-19,21.27,21.415,21.26,21.32,19.3513,873443
2018-09-20,21.4,21.6,21.31,21.54,19.551,658197
2018-09-21,21.56,21.69,21.525,21.66,19.6599,1375363
2018-09-24,21.6,21.71,21.3,21.31,19.3423,968590
2018-09-25,21.37,21.5,21.23,21.27,19.3058,1541506
2018-09-26,21.26,21.3,20.555,20.6,18.6979,1341178
2018-09-27,20.57,20.66,20.32,20.32,18.4437,1453295
2018-09-28,20.25,20.38,20.0,20.04,18.1896,1352506
2018-10-01,20.14,20.148,19.62,19.68,17.8628,2051453
2018-10-02,19.69,19.91,19.425,19.53,17.7268,1858404
2018-10-03,19.63,19.745,19.45,19.59,17.7811,2398409
2018-10-04,19.61,19.71,19.13,19.25,17.4723,1180382
2018-10-05,19.3,19.64,19.27,19.61,17.7993,1989423
2018-10-08,19.67,19.68,19.27,19.49,17.6902,1361548
2018-10-09,19.51,19.59,19.3,19.54,17.7357,1089680
2018-10-10,19.58,19.76,19.29,19.3,17.5178,1928641
2018-10-11,19.14,19.36,18.9,18.91,17.1639,1636750
2018-10-12,19.19,19.275,18.675,18.94,17.1911,1583741
2018-10-15,18.9,19.09,18.77,18.91,17.1639,1466647
2018-10-16,18.99,19.17,18.71,19.12,17.3544,1023299
2018-10-17,19.12,19.395,18.975,19.19,17.4182,1481070
2018-10-18,19.14,19.26,18.8,18.88,17.1367,1115866
2018-10-19,18.93,19.14,18.775,18.81,17.0732,1156443
2018-10-22,18.84,18.87,18.185,18.31,16.6193,1671605
2018-10-23,18.03,18.230999999999998,17.66,18.16,16.4832,1322548
2018-10-24,18.13,18.19,17.37,17.44,15.8295,1581660
2018-10-25,17.49,17.995,17.37,17.85,16.2017,1192970
2018-10-26,17.65,17.71,17.32,17.63,16.002,1079932
2018-10-29,17.83,18.01,17.61,17.72,16.0837,2583949
2018-10-30,17.79,17.91,17.19,17.82,16.1746,2911968
2018-10-31,18.04,19.06,17.57,18.75,17.0185,2668669
2018-11-01,18.95,19.25,18.78,18.91,17.1639,2561017
2018-11-02,19.0,19.11,18.56,18.6,16.8827,2431803
2018-11-05,18.64,18.92,18.64,18.75,17.0185,1085080
2018-11-06,18.85,19.125,18.78,19.12,17.3544,876941
2018-11-07,19.22,19.4,19.03,19.34,17.5542,790380
2018-11-08,19.15,19.54,19.15,19.49,17.8753,1809171
2018-11-09,19.42,19.48,18.935,19.11,17.5266,1384942
2018-11-12,19.06,19.185,18.88,18.91,17.3432,1397139
2018-11-13,18.89,19.39,18.89,19.13,17.545,1159148
2018-11-14,19.25,19.47,18.845,19.08,17.4992,1253472
2018-11-15,18.95,19.2,18.715,19.17,17.5816,1496285
2018-11-16,19.03,19.25,19.01,19.14,17.5542,913822
2018-11-19,19.09,19.29,18.91,18.97,17.3982,966903
2018-11-20,18.67,18.68,18.16,18.4,16.8754,1309932
2018-11-21,18.44,18.93,18.34,18.58,17.0406,1572979
2018-11-23,18.47,19.01,18.41,18.76,17.2056,507106
2018-11-26,19.04,19.45,18.94,19.37,17.7652,822799
2018-11-27,19.34,19.64,19.3,19.55,17.9303,2049713
2018-11-28,19.55,19.78,19.41,19.78,18.1411,1241232
2018-11-29,19.63,19.805,19.58,19.65,18.0219,1210496
2018-11-30,19.44,19.49,18.77,19.45,17.8384,2519950
2018-12-03,19.66,19.87,19.47,19.64,18.0127,1446269
2018-12-04,19.6,19.65,18.32,18.48,16.9488,1945220
2018-12-06,18.18,18.56,17.995,18.56,17.0223,1940789
2018-12-07,18.56,18.84,18.35,18.48,16.9488,1351858
2018-12-10,18.45,18.57,18.05,18.3,16.7839,1026778
2018-12-11,18.56,18.77,18.2,18.25,16.7378,1140036
2018-12-12,18.24,18.745,18.2,18.44,16.9122,4138733
2018-12-13,18.47,18.6,17.995,18.06,16.5636,1816334
2018-12-14,17.99,18.6,17.97,17.99,16.4992,1794171
2018-12-17,17.89,18.06,17.32,17.34,15.9032,2208681
2018-12-18,17.48,17.63,17.11,17.35,15.9124,1683327
2018-12-19,17.29,17.48,16.825,16.91,15.5088,1849012
2018-12-20,16.89,17.04,16.54,16.78,15.3898,1499010
2018-12-21,16.74,17.08,16.38,16.38,15.0227,2117287
2018-12-24,16.22,16.55,16.1,16.14,14.8028,838206
2018-12-26,16.23,17.45,16.23,17.43,15.9857,1581227
2018-12-27,17.19,17.53,16.895,17.51,16.0594,1169067
2018-12-28,17.66,17.86,17.43,17.54,16.0867,942111
2018-12-31,17.6,17.73,17.345,17.59,16.1325,890251
2019-01-02,17.29,18.115,17.29,17.88,16.3984,1527570
2019-01-03,17.88,18.285,17.77,17.98,16.4901,1562895
2019-01-04,18.33,18.98,18.29,18.83,17.2698,1187028
2019-01-07,18.69,19.17,18.59,18.87,17.3065,1257541
2019-01-08,19.0,19.05,18.79,19.0,17.4258,1608511
2019-01-09,19.09,19.32,18.99,19.0,17.4258,2075942
2019-01-10,18.92,19.17,18.8,19.16,17.5723,1031768
2019-01-11,19.06,19.405,19.05,19.29,17.6918,886505
2019-01-14,19.24,19.53,19.145,19.22,17.6275,925247
2019-01-15,19.15,19.15,18.62,18.76,17.2056,2222655
2019-01-16,18.31,18.93,18.23,18.93,17.3615,2573020
2019-01-17,18.89,19.03,18.65,18.95,17.3799,1764967
2019-01-18,19.02,19.24,18.865,19.11,17.5266,1089271
2019-01-22,18.98,19.11,18.85,18.92,17.3523,1125798
2019-01-23,19.04,19.04,18.58,18.58,17.0406,1438258
2019-01-24,18.63,18.995,18.63,18.81,17.2515,1361955
2019-01-25,18.92,19.29,18.92,19.23,17.6368,1119027
2019-01-28,19.06,19.44,19.01,19.39,17.7834,1091821
2019-01-29,19.42,19.5,19.04,19.06,17.4807,1363586
2019-01-30,18.0,19.16,17.68,19.15,17.5632,4623629
2019-01-31,18.95,19.26,18.71,19.06,17.4807,2227570
2019-02-01,19.09,19.31,18.89,19.1,17.5175,1282667
2019-02-04,19.06,19.53,19.06,19.52,17.9027,1288856
2019-02-05,19.53,19.53,19.15,19.41,17.8018,1217415
2019-02-06,19.42,19.54,19.135,19.38,17.7742,1265035
2019-02-07,19.38,19.47,19.13,19.25,17.655,1772250
2019-02-08,19.01,20.37,18.72,20.36,18.869,4251480
2019-02-11,20.16,20.32,19.93,20.24,18.7578,2716963
2019-02-12,20.41,20.71,20.31,20.4,18.9062,2217833
2019-02-13,20.45,20.5,20.27,20.44,18.9432,1214153
2019-02-14,20.35,20.435,20.17,20.31,18.8228,919440
2019-02-15,20.4,20.74,20.37,20.6,19.0914,1071024
2019-02-19,20.57,20.82,20.52,20.66,19.1472,1334700
2019-02-20,20.61,20.69,20.48,20.55,19.0452,1366366
2019-02-21,20.5,20.67,20.32,20.38,18.8875,1139769
2019-02-22,20.44,20.47,20.3,20.38,18.8875,1668187
2019-02-25,20.39,20.7,20.28,20.3,18.8135,1472381
2019-02-26,20.32,20.41,20.02,20.26,18.7766,2053093
2019-02-27,20.19,20.35,20.06,20.11,18.6374,1681409
2019-02-28,20.09,20.7,20.09,20.54,19.0359,3702572
2019-03-01,20.73,20.89,20.31,20.78,19.2584,3264548
2019-03-04,20.83,21.105,20.755,20.92,19.3881,1760936
2019-03-05,20.85,20.985,20.63,20.93,19.3974,1100661
2019-03-06,20.9,20.94,20.7,20.7,19.1842,1068951
2019-03-07,20.67,20.705,20.39,20.49,18.9896,1252681
2019-03-08,20.31,20.55,20.18,20.49,18.9896,1712368
2019-03-11,20.62,20.88,20.6,20.82,19.2955,1114318
2019-03-12,20.89,20.96,20.69,20.73,19.2121,839272
2019-03-13,20.82,21.07,20.78,20.92,19.3881,1979259
2019-03-14,20.96,21.03,20.58,20.81,19.2861,1299392
2019-03-15,20.75,21.28,20.75,21.28,19.7217,2523082
2019-03-18,21.18,21.48,21.18,21.33,19.7681,912420
2019-03-19,21.41,21.52,21.07,21.07,19.5272,811982
2019-03-20,21.04,21.06,20.66,20.72,19.2028,900033
2019-03-21,20.59,20.96,20.5,20.86,19.3325,1082059
2019-03-22,20.67,20.715,20.21,20.32,18.832,868086
2019-03-25,20.32,20.5,20.145,20.19,18.7114,854903
2019-03-26,20.34,20.6,20.34,20.54,19.0359,611002
2019-03-27,20.7,21.01,20.67,20.77,19.249000000000002,898028
2019-03-28,20.83,21.01,20.7625,20.95,19.4159,543620
2019-03-29,21.14,21.26,21.1,21.13,19.5826,1856891
2019-04-01,21.3,21.74,21.275,21.7,20.1109,1120307
2019-04-02,21.69,21.99,21.59,21.71,20.1203,2649961
2019-04-03,22.15,22.24,21.89,22.11,20.4909,1662122
2019-04-04,22.18,22.25,21.95,22.0,20.389,808427
2019-04-05,21.97,22.17,21.97,22.11,20.4909,541089
2019-04-08,22.03,22.145,22.0,22.04,20.4261,610263
2019-04-09,22.01,22.07,21.85,21.87,20.2684,904325
2019-04-10,21.88,22.105,21.81,22.07,20.4538,614101
2019-04-11,22.17,22.24,21.91,21.98,20.3705,579324
2019-04-12,22.27,22.52,22.225,22.4,20.7597,966805
2019-04-15,22.43,22.63,22.115,22.26,20.6299,797909
2019-04-16,22.55,22.71,22.44,22.7,21.0378,1080937
2019-04-17,22.83,22.91,22.62,22.7,21.0378,532336
2019-04-18,22.74,22.74,22.42,22.53,20.8801,581935
2019-04-22,22.23,22.37,22.12,22.18,20.5558,1022116
2019-04-23,22.1,22.275,22.01,22.09,20.4724,1151562
2019-04-24,22.1,22.22,22.03,22.08,20.463,599550
2019-04-25,22.0,22.215,21.93,22.04,20.4261,545928
2019-04-26,22.04,22.34,21.98,22.13,20.5096,998801
2019-04-29,22.25,22.28,21.94,21.96,20.352,2130189
2019-04-30,21.8,22.29,21.31,21.35,19.7866,1874511
2019-05-01,21.31,21.44,21.19,21.28,19.7217,2387449
2019-05-02,21.39,21.41,21.14,21.4,19.833,1435384
2019-05-03,21.7,22.07,21.56,21.65,20.0647,1356852
2019-05-06,21.0,21.645,20.96,21.59,20.0089,943732
2019-05-07,21.31,21.47,21.105,21.25,19.6938,525501
2019-05-08,21.22,21.63,21.1,21.39,19.8237,1356756
2019-05-09,21.04,21.32,20.845,21.3,19.9266,1132431
2019-05-10,21.16,21.465,21.085,21.25,19.8799,991781
2019-05-13,21.02,21.05,20.68,20.72,19.384,1033061
2019-05-14,20.8,21.16,20.8,20.98,19.6272,594112
2019-05-15,20.78,21.06,20.65,20.81,19.4682,844858
2019-05-16,20.84,21.04,20.795,20.89,19.543,877991
2019-05-17,20.65,20.89,20.6398,20.79,19.4494,733877
2019-05-20,20.66,21.04,20.59,20.92,19.570999999999998,574767
2019-05-21,21.04,21.33,21.04,21.13,19.7676,700253
2019-05-22,21.03,21.09,20.9,20.94,19.5898,389772
2019-05-23,20.72,20.72,20.495,20.62,19.2904,958107
2019-05-24,21.36,22.62,21.36,22.58,21.1241,3489524
2019-05-28,22.6,23.3097,22.55,22.55,21.096,2235513
2019-05-29,22.55,22.815,22.4,22.77,21.3019,1448135
2019-05-30,22.82,23.025,22.495,22.56,21.1054,1244639
2019-05-31,22.31,22.5,22.31,22.39,20.9463,1274838
2019-06-03,22.42,22.71,22.33,22.56,21.1054,1287717
2019-06-04,22.83,23.19,22.8,23.18,21.6853,1159223
2019-06-05,23.15,23.32,23.09,23.14,21.648000000000003,719467
2019-06-06,23.28,23.28,22.96,23.16,21.6667,1190411
2019-06-07,23.19,23.3,23.11,23.26,21.7602,952621
2019-06-10,23.36,23.505,23.21,23.25,21.7509,924501
2019-06-11,23.37,23.545,23.27,23.48,21.965999999999998,788180
2019-06-12,23.49,23.54,23.24,23.34,21.835,855356
2019-06-13,23.48,23.58,23.255,23.36,21.8538,744868
2019-06-14,23.33,23.33,23.1,23.16,21.6667,751220
2019-06-17,23.15,23.29,23.03,23.08,21.5918,790582
2019-06-18,22.99,23.44,22.96,23.27,21.7695,1109793
2019-06-19,23.3,23.485,23.28,23.43,21.9192,913839
2019-06-20,23.46,23.66,23.355,23.58,22.0596,1273621
2019-06-21,23.53,23.67,23.43,23.53,22.0128,1333099
2019-06-24,23.53,23.665,23.19,23.28,21.779,1293330
2019-06-25,23.26,23.45,23.19,23.37,21.8631,984581
2019-06-26,23.44,23.62,23.37,23.44,21.9286,1093684
2019-06-27,23.45,23.62,23.36,23.51,21.9941,592159
2019-06-28,23.6,23.97,23.59,23.96,22.4151,1699551
2019-07-01,24.92,25.31,24.51,24.81,23.2103,2429231
2019-07-02,24.82,25.115,24.78,25.05,23.4349,1563336
2019-07-03,25.15,25.65,25.15,25.41,23.7715,910665
2019-07-05,25.41,25.65,25.4,25.5,23.8558,1214112
2019-07-08,25.4,25.54,25.26,25.34,23.7061,771431
2019-07-09,25.34,25.55,25.17,25.42,23.781,1553358
2019-07-10,25.5,25.81,25.46,25.53,23.8838,1073417
2019-07-11,25.62,26.0,25.6,25.8,24.1366,1409410
2019-07-12,25.87,26.0,25.8,25.96,24.2861,1275884
2019-07-15,26.05,26.1,25.445,25.6,23.9492,1496219
2019-07-16,25.74,25.76,25.45,25.55,23.9025,1669897
2019-07-17,25.3,25.49,25.19,25.25,23.6218,1122535
2019-07-18,25.1,25.86,25.1,25.71,24.0522,1307376
2019-07-19,25.66,25.87,25.37,25.4,23.7623,967589
2019-07-22,25.3,25.38,25.1,25.25,23.6218,1137380
2019-07-23,25.23,25.895,25.21,25.72,24.0616,2056850
2019-07-24,26.01,27.63,25.9,27.51,25.7361,3045512
2019-07-25,27.38,27.63,27.22,27.48,25.7081,1971277
2019-07-26,27.68,27.75,27.25,27.4,25.6333,1278066
2019-07-29,27.47,27.55,27.24,27.26,25.5022,958392
2019-07-30,27.07,27.505,27.0,27.44,25.6707,669908
2019-07-31,27.43,27.56,26.615,26.91,25.1749,1755903
2019-08-01,26.97,27.09,26.35,26.53,24.8193,1203945
2019-08-02,26.17,26.2607,25.81,26.13,24.6495,1074304
2019-08-05,25.69,25.93,25.4,25.64,24.1872,2342471
2019-08-06,25.73,26.11,25.73,26.06,24.5834,853892
2019-08-07,25.71,26.425,25.61,26.42,24.923000000000002,927624
2019-08-08,26.62,27.075,26.57,26.94,25.4137,624335
2019-08-09,26.95,27.06,26.58,26.74,25.2249,468347
2019-08-12,26.46,26.46,26.055,26.18,24.6967,638277
2019-08-13,26.19,26.57,26.13,26.37,24.875999999999998,812348
2019-08-14,26.1,26.11,25.63,25.86,24.3948,1472742
2019-08-15,25.93,26.02,25.73,25.92,24.4514,1021351
2019-08-16,26.07,26.38,26.07,26.29,24.8005,564649
2019-08-19,26.56,26.58,26.27,26.52,25.0175,649755
2019-08-20,26.49,26.49,26.17,26.2,24.7155,641947
2019-08-21,26.42,26.48,26.14,26.16,24.6779,1189998
2019-08-22,26.2,26.36,25.9,26.12,24.6402,1154454
2019-08-23,25.89,26.22,25.4,25.49,24.0458,1542958
2019-08-26,25.72,25.79,25.46,25.71,24.2534,728858
2019-08-27,25.9,25.905,25.435,25.48,24.0364,613801
2019-08-28,25.39,25.8,25.34,25.77,24.31,599819
2019-08-29,26.02,26.32,26.0,26.16,24.6779,493085
2019-08-30,26.29,26.36,25.96,26.11,24.6307,677501
2019-09-03,25.92,26.05,25.51,25.6,24.1497,916432
2019-09-04,25.83,26.28,25.83,26.28,24.7911,726663
2019-09-05,26.55,26.86,26.55,26.69,25.1778,409967
2019-09-06,26.85,27.14,26.55,26.56,25.0551,742880
2019-09-09,25.78,26.35,25.6,26.25,24.7627,1399514
2019-09-10,26.13,26.43,25.89,26.12,24.6402,1117306
2019-09-11,26.08,26.22,25.76,26.12,24.6402,884047
2019-09-12,26.07,26.42,25.99,26.12,24.6402,597547
2019-09-13,26.27,26.38,25.89,25.95,24.4798,1144432
2019-09-16,25.79,26.28,25.79,26.26,24.7722,980972
2019-09-17,26.29,26.38,26.07,26.35,24.857,590724
2019-09-18,26.27,26.445,26.16,26.39,24.8949,388550
2019-09-19,26.36,26.42,26.08,26.11,24.6307,767602
2019-09-20,26.12,26.25,25.835,25.85,24.3854,1980447
2019-09-23,25.82,26.22,25.82,26.12,24.6402,546365
2019-09-24,26.22,26.35,25.96,25.98,24.508000000000003,615037
2019-09-25,25.92,26.225,25.87,26.0,24.5269,851109
2019-09-26,25.98,26.18,25.88,25.88,24.4137,734396
2019-09-27,26.02,26.16,25.755,25.81,24.3476,632130
2019-09-30,25.88,25.965,25.5,25.51,24.0647,1213629
2019-10-01,25.59,25.93,25.45,25.53,24.0836,908876
2019-10-02,25.3,25.44,24.92,25.03,23.6119,1084213
2019-10-03,24.92,25.145,24.58,24.71,23.31,1591712
2019-10-04,24.71,25.16,24.71,25.13,23.7062,802320
2019-10-07,25.08,25.11,24.865,24.95,23.5364,742284
2019-10-08,24.7,24.88,24.39,24.4,23.0176,931691
2019-10-09,24.55,24.825,24.34,24.7,23.3005,942394
2019-10-10,24.8,25.135,24.735,24.88,23.4703,822399
2019-10-11,25.28,25.595,25.085,25.11,23.6874,1072310
2019-10-14,25.02,25.18,24.92,25.11,23.6874,1024601
2019-10-15,25.18,25.74,25.18,25.45,24.0081,935793
2019-10-16,25.43,25.51,24.99,25.14,23.7157,774403
2019-10-17,25.27,25.405,25.09,25.34,23.9044,589447
2019-10-18,25.27,25.475,25.2,25.27,23.8384,712352
2019-10-21,25.46,25.78,25.46,25.57,24.1212,594071
2019-10-22,25.57,25.645,25.31,25.39,23.9515,700489
2019-10-23,25.29,25.53,25.25,25.44,23.9987,521909
2019-10-24,25.41,25.51,25.21,25.3,23.8666,578634
2019-10-25,25.2,25.39,24.95,25.05,23.6308,907167
2019-10-28,25.2,25.47,24.97,25.22,23.7911,968001
2019-10-29,25.11,25.58,25.11,25.34,23.9044,1119235
2019-10-30,25.0,26.02,24.84,25.91,24.441999999999997,1198603
2019-10-31,25.81,25.81,24.73,25.08,23.659000000000002,1639208
2019-11-01,25.2,25.55,25.2,25.5,24.0552,1006386
2019-11-04,25.24,25.26,24.94,25.21,23.7817,1159409
2019-11-05,25.23,25.36,24.85,25.06,23.6402,1228473
2019-11-06,25.01,25.08,24.8,24.89,23.4798,833145
2019-11-07,25.09,25.13,24.91,24.96,23.5459,763648
2019-11-08,24.69,24.815,24.56,24.76,23.5649,332535
2019-11-11,24.57,24.7,24.44,24.46,23.2794,607362
2019-11-12,24.45,24.56,24.07,24.25,23.0795,792966
2019-11-13,24.14,24.26,24.0301,24.23,23.0605,554493
2019-11-14,24.09,24.265,24.045,24.17,23.0034,787448
2019-11-15,24.34,24.49,24.14,24.18,23.0129,424181
2019-11-18,24.13,24.15,23.77,23.79,22.6417,554281
2019-11-19,23.73,23.91,23.54,23.73,22.5845,1735936
2019-11-20,23.67,24.085,23.65,23.65,22.5085,1007214
2019-11-21,23.67,23.84,23.48,23.65,22.5085,963505
2019-11-22,23.68,23.855,23.155,23.47,22.3371,1002058
2019-11-25,23.51,23.625,23.4,23.47,22.3371,446049
2019-11-26,23.42,23.51,23.32,23.43,22.299,460044
2019-11-27,23.49,23.58,23.38,23.47,22.3371,956592
2019-11-29,23.38,23.65,23.38,23.55,22.4133,378408
2019-12-02,23.63,23.71,23.255,23.33,22.2039,729316
2019-12-03,23.05,23.26,22.555,22.73,21.6329,1300661
2019-12-04,22.76,23.19,22.76,22.96,21.8518,875451
2019-12-05,22.98,23.13,22.85,23.1,21.9849,853422
2019-12-06,23.35,23.505,23.1,23.21,22.0896,672167
2019-12-09,23.15,23.16,22.84,22.91,21.8042,945702
2019-12-10,22.89,23.31,22.86,23.22,22.0992,739876
2019-12-11,23.23,23.32,22.93,23.14,22.023000000000003,857057
2019-12-12,23.19,23.73,23.175,23.7,22.5561,937402
2019-12-13,23.65,23.935,23.48,23.49,22.3562,1349943
2019-12-16,23.59,24.13,23.5,23.75,22.6037,1409048
2019-12-17,23.84,24.06,23.68,23.99,22.8321,1018645
2019-12-18,24.02,24.035,23.82,23.87,22.7178,1058871
2019-12-19,23.89,23.98,23.6,23.82,22.6703,1016589
2019-12-20,23.95,24.01,23.72,23.74,22.594,1770613
2019-12-23,23.83,23.83,23.55,23.68,22.5369,634749
2019-12-24,23.68,23.74,23.565,23.63,22.4894,375772
2019-12-26,23.69,23.73,23.48,23.5,22.3657,703487
2019-12-27,23.52,23.64,23.27,23.29,22.1659,570273
2019-12-30,23.33,23.42,23.13,23.25,22.1277,721207
2019-12-31,23.22,23.44,23.22,23.37,22.241999999999997,476158
2020-01-02,23.49,23.49,23.19,23.46,22.3277,842929
2020-01-03,23.14,23.31,23.09,23.17,22.0517,538461
2020-01-06,23.38,23.38,22.8847,23.04,21.9279,1037035
2020-01-07,22.98,23.01,22.8,22.89,21.7852,650274
2020-01-08,22.93,23.18,22.865,22.95,21.8422,1110677
2020-01-09,23.09,23.21,22.79,22.96,21.8518,1128541
2020-01-10,22.95,23.06,22.77,22.83,21.728,1099579
2020-01-13,22.87,22.91,22.52,22.68,21.5852,605986
2020-01-14,22.68,22.82,22.605,22.61,21.5187,606816
2020-01-15,22.57,22.91,22.48,22.84,21.7376,747445
2020-01-16,22.99,23.105,22.92,23.06,21.947,541063
2020-01-17,23.12,23.15,22.895,23.11,21.9946,842574
2020-01-21,22.93,23.15,22.91,23.11,21.9946,897880
2020-01-22,23.28,23.765,23.24,23.73,22.5845,845330
2020-01-23,23.63,24.0,23.3705,23.89,22.7368,1130145
2020-01-24,23.84,23.885,23.45,23.49,22.3562,1085193
2020-01-27,23.02,23.02,22.705,22.8,21.6995,809912
2020-01-28,22.92,23.37,22.79,23.18,22.0612,1114260
2020-01-29,25.4,26.62,25.35,26.1,24.8402,5725037
2020-01-30,25.97,26.73,25.94,26.72,25.4302,1819831
2020-01-31,26.58,26.77,26.3988,26.62,25.3351,2387619
2020-02-03,26.8,26.9,26.5,26.65,25.3636,1431416
2020-02-04,26.86,26.96,26.54,26.59,25.3065,1427892
2020-02-05,26.68,26.76,26.47,26.61,25.3256,1324319
2020-02-06,26.77,26.82,26.54,26.64,25.3541,1428468
2020-02-07,26.34,26.49,26.27,26.4,25.3349,688801
2020-02-10,26.31,26.56,26.295,26.44,25.3734,877388
2020-02-11,26.47,26.69,26.4,26.6,25.5268,947683
2020-02-12,26.69,26.83,26.58,26.69,25.6132,756841
2020-02-13,26.71,27.205,26.63,27.06,25.9683,1355870
2020-02-14,27.1,27.11,26.68,26.73,25.6516,770209
2020-02-18,26.63,26.81,26.25,26.61,25.5365,817900
2020-02-19,26.65,26.76,26.4,26.58,25.5077,623151
2020-02-20,26.65,26.81,26.47,26.66,25.5844,591691
2020-02-21,26.55,26.71,26.17,26.66,25.5844,1103673
2020-02-24,26.07,26.54,26.07,26.27,25.2103,1612147
2020-02-25,26.33,26.455,25.69,25.83,24.7879,2030353
2020-02-26,25.98,26.23,25.81,25.97,24.9223,4072946
2020-02-27,25.66,26.0,25.11,25.6,24.5672,9717459
2020-02-28,25.16,25.71,23.95,24.4,23.4157,5834156
2020-03-02,24.32,24.48,23.44,24.05,23.0798,3080860
2020-03-03,24.15,24.55,23.155,23.48,22.5328,2614575
2020-03-04,23.81,24.72,23.44,24.66,23.6652,2585470
2020-03-05,24.16,24.25,22.9004,23.18,22.2449,1831077
2020-03-06,22.48,23.165,22.25,22.81,21.8898,1925935
2020-03-09,21.57,21.69,19.8501,19.99,19.1835,2145688
2020-03-10,20.66,21.41,20.0001,21.26,20.4023,993540
2020-03-11,20.67,21.07,20.17,20.61,19.7785,1932968
2020-03-12,19.12,19.475,18.28,18.6,17.8496,1572448
2020-03-13,19.88,19.9,17.8975,19.82,19.0204,1211558
2020-03-16,17.32,17.48,15.92,15.92,15.2777,1583742
2020-03-17,15.87,16.24,13.74,15.47,14.8459,2208265
2020-03-18,14.35,14.45,11.73,13.08,12.5523,2325456
2020-03-19,12.69,13.53,11.47,12.48,11.9765,2462630
2020-03-20,12.6,13.53,11.435,11.49,11.0265,1872793
2020-03-23,11.53,11.77,9.74,10.11,9.7021,2329457
2020-03-24,10.66,13.05,10.61,12.9,12.3795,1857670
2020-03-25,13.16,16.94,13.08,15.7,15.0666,3079926
2020-03-26,16.09,18.56,15.85,16.09,15.4409,2183466
2020-03-27,15.45,15.63,14.4,14.87,14.2701,1000648
2020-03-30,14.56,14.91,13.75,14.62,14.0301,1311044
2020-03-31,14.58,14.7526,13.63,13.91,13.3488,1864872
2020-04-01,13.05,13.05,12.005,12.37,11.870999999999999,1879404
2020-04-02,12.21,13.46,12.01,12.83,12.3124,2027054
2020-04-03,12.66,12.75,11.6,11.87,11.3911,3047393
2020-04-06,13.0,13.73,12.87,13.17,12.6387,1271500
2020-04-07,14.24,14.85,13.59,14.0,13.4352,1774710
2020-04-08,14.48,15.29,13.87,14.96,14.3565,1290630
2020-04-09,15.7,16.925,15.51,16.52,15.8535,1345899
2020-04-13,16.63,16.63,15.06,15.18,14.5676,733726
2020-04-14,15.53,15.8,14.11,14.49,13.9054,1090367
2020-04-15,13.45,13.935,13.36,13.56,13.0129,1569213
2020-04-16,13.42,13.53,12.44,12.63,12.1204,1472820
2020-04-17,13.6,14.04,13.28,13.92,13.3585,1279763
2020-04-20,13.33,13.78,12.82,13.34,12.8018,963297
2020-04-21,12.51,12.79,12.25,12.53,12.0244,1401330
2020-04-22,12.91,12.91,12.15,12.37,11.870999999999999,997567
2020-04-23,12.41,13.04,12.32,12.73,12.2164,783953
2020-04-24,12.96,13.095,12.46,12.97,12.4467,841472
2020-04-27,13.02,13.66,13.02,13.47,12.9266,867838
2020-04-28,14.58,15.46,14.275,14.68,14.0877,1104942
2020-04-29,15.22,17.15,15.11,17.05,16.3622,1703309
2020-04-30,16.8,17.0,15.5,15.59,14.9611,1779374
2020-05-01,14.97,15.17,14.635,14.94,14.3372,988787
2020-05-04,14.49,15.14,13.93,15.08,14.4717,991450
2020-05-05,15.41,15.94,15.0,15.09,14.4812,1237272
2020-05-06,16.0,16.08,14.985,15.01,14.4045,1095128
2020-05-07,15.07,15.92,15.07,15.41,15.0083,735070
2020-05-08,15.58,16.04,15.54,15.79,15.6011,597239
2020-05-11,15.5,15.63,15.04,15.1,14.9194,1040271
2020-05-12,15.19,15.44,14.18,14.2,14.0301,869312
2020-05-13,14.02,14.03,13.08,13.29,13.130999999999998,1344501
2020-05-14,13.0,14.8,12.79,14.74,14.5637,1792597
2020-05-15,14.45,14.88,14.21,14.4,14.2277,1039096
2020-05-18,15.26,15.85,15.2317,15.62,15.4331,1223756
2020-05-19,15.48,15.92,15.07,15.53,15.3442,973914
2020-05-20,15.8,16.43,15.77,15.83,15.6406,1096845
2020-05-21,15.79,16.1499,15.55,15.59,15.4035,911683
2020-05-22,15.59,15.88,15.215,15.47,15.2849,859907
2020-05-26,16.31,17.05,16.11,16.7,16.5002,1063661
2020-05-27,17.69,18.06,17.16,17.99,17.7748,941890
2020-05-28,18.29,18.315,17.2,17.28,17.0733,750232
2020-05-29,16.79,17.02,16.29,16.53,16.3323,1449539
2020-06-01,16.56,17.99,16.43,17.91,17.6957,946265
2020-06-02,18.31,18.45,17.7,17.8,17.5871,1114998
2020-06-03,18.41,18.995,18.27,18.69,18.4664,1086777
2020-06-04,18.56,19.61,18.15,19.61,19.3754,1039561
2020-06-05,21.42,21.85,20.6,21.2,20.9464,1870686
2020-06-08,21.85,22.115,21.35,21.66,21.4009,1602505
2020-06-09,20.77,21.01,20.33,20.68,20.4326,886239
2020-06-10,20.43,20.55,19.5,19.67,19.4347,1006944
2020-06-11,18.19,18.69,17.865,18.1,17.8835,884855
2020-06-12,19.3,19.44,18.33,18.98,18.7529,637905
2020-06-15,17.97,19.22,17.895,19.02,18.7925,1113303
2020-06-16,20.25,20.305,19.04,19.36,19.1284,960919
2020-06-17,19.36,19.59,19.16,19.21,18.9802,694802
2020-06-18,18.73,19.31,18.7,19.11,18.8814,589629
2020-06-19,19.55,19.67,18.48,18.83,18.6047,1571630
2020-06-22,18.65,19.09,18.375,18.93,18.7035,631061
2020-06-23,19.36,19.48,18.89,18.9,18.6739,652149
2020-06-24,18.5,18.55,17.88,18.12,17.9032,888093
2020-06-25,17.93,18.94,17.72,18.87,18.6443,1334994
2020-06-26,18.49,18.62,17.92,18.28,18.0613,2828251
2020-06-29,18.49,18.95,18.02,18.85,18.6245,1109761
2020-06-30,18.79,18.94,18.205,18.41,18.1898,1829884
2020-07-01,18.42,18.85,17.71,17.73,17.5179,822240
2020-07-02,18.29,18.6,17.83,17.89,17.676,777249
2020-07-06,18.54,19.16,18.49,19.04,18.8122,726570
2020-07-07,18.82,18.82,17.74,17.84,17.6266,779229
2020-07-08,17.89,18.58,17.6,18.34,18.1206,817326
2020-07-09,18.28,18.35,17.18,17.31,17.1029,660195
2020-07-10,17.35,17.58,16.69,17.53,17.3203,1252905
2020-07-13,17.73,18.45,17.56,18.01,17.7945,511425
2020-07-14,17.91,18.03,17.5758,17.83,17.6167,369538
2020-07-15,17.58,18.32,17.38,18.18,17.9625,842352
2020-07-16,18.06,18.63,17.87,18.37,18.1502,492895
2020-07-17,18.46,18.5578,17.81,17.82,17.6068,804893
2020-07-20,17.7,17.955,17.56,17.68,17.4685,500444
2020-07-21,17.98,18.35,17.89,18.11,17.8933,771543
2020-07-22,18.03,18.88,17.89,18.44,18.2194,933175
2020-07-23,18.29,18.74,18.28,18.31,18.090999999999998,692673
2020-07-24,18.28,18.42,17.93,18.13,17.9131,906175
2020-07-27,17.9,17.9,17.55,17.88,17.6661,638646
2020-07-28,17.86,18.47,17.86,18.24,18.0218,754555
2020-07-29,18.01,18.1882,16.68,17.34,17.1326,1641507
2020-07-30,16.82,17.105,16.5,17.05,16.846,1271218
2020-07-31,16.97,18.5,16.97,18.36,18.1404,2245010
2020-08-03,18.54,19.245,18.42,18.68,18.4565,1760969
2020-08-04,18.48,18.91,18.31,18.44,18.2194,1227052
2020-08-05,18.64,19.38,18.64,19.31,19.079,1321382
2020-08-06,19.19,19.49,19.0,19.07,18.8419,863107
2020-08-07,18.84,19.04,18.4,18.98,18.7529,762609
2020-08-10,19.14,19.82,19.14,19.35,19.1185,987700
2020-08-11,19.86,20.0,18.23,18.39,18.17,1316100
2020-08-12,18.48,18.53,17.77,18.16,18.16,804400
2020-08-13,17.94,18.15,17.58,17.74,17.74,421500
2020-08-14,17.51,18.09,17.4,17.84,17.84,616000
2020-08-17,17.98,17.98,17.47,17.63,17.63,449100
2020-08-18,17.68,17.91,17.26,17.3,17.3,409700
2020-08-19,17.35,17.55,17.04,17.27,17.27,637100
2020-08-20,16.96,17.22,16.89,17.03,17.03,363300
2020-08-21,17.06,17.26,16.96,17.1,17.1,368800
2020-08-24,17.22,17.8,17.17,17.65,17.65,388800
2020-08-25,17.78,17.98,17.22,17.33,17.33,377800
2020-08-26,17.27,17.32,16.94,17.14,17.14,510700
2020-08-27,17.23,17.84,17.09,17.64,17.64,473600
2020-08-28,17.89,17.89,17.61,17.87,17.87,357800
2020-08-31,17.79,17.79,17.09,17.21,17.21,765600
2020-09-01,16.99,17.33,16.88,17.09,17.09,400800
2020-09-02,17.08,17.61,17.04,17.55,17.55,439700
2020-09-03,17.65,18.15,17.31,17.62,17.62,439900
2020-09-04,18.06,18.25,17.83,18.06,18.06,750700
2020-09-08,17.83,17.83,17.29,17.41,17.41,822100
2020-09-09,17.58,17.58,17.09,17.41,17.41,686500
2020-09-10,17.46,17.82,17.12,17.18,17.18,550900
